financial_year,port,million_tonnes,cargo_type
1995-96,Sydney,3.7617532000000002,Loaded
1996-97,Sydney,4.7277676,Loaded
1997-98,Sydney,5.147583900000001,Loaded
1998-99,Sydney,4.283658900000001,Loaded
1999-00,Sydney,5.0903135,Loaded
2000-01,Sydney,5.7871666,Loaded
2001-02,Sydney,5.71476,Loaded
2002-03,Sydney,4.6737928,Loaded
2003-04,Sydney,5.0,Loaded
2004-05,Sydney,5.137014,Loaded
2005-06,Sydney,6.0048322384,Loaded
2006-07,Sydney,5.9590502194,Loaded
2007-08,Sydney,6.4459724918,Loaded
2008-09,Sydney,6.3217721663,Loaded
2009-10,Sydney,6.074841211200001,Loaded
2010-11,Sydney,6.5841955924,Loaded
2011-12,Sydney,7.32313393416,Loaded
2012-13,Sydney,6.63522576672,Loaded
2013-14,Sydney,6.14470630085,Loaded
2014-15,Sydney,5.68464099194511,Loaded
2015-16,Sydney,5.82181754365,Loaded
2016-17,Sydney,6.77677371134,Loaded
2017-18,Sydney,6.14098543891,Loaded
2018-19,Sydney,5.90384361489,Loaded
2019-20,Sydney,5.49841988836,Loaded
2020-21,Sydney,5.60136027006,Loaded
1995-96,Melbourne,7.7242419,Loaded
1996-97,Melbourne,8.76513,Loaded
1997-98,Melbourne,9.7896423,Loaded
1998-99,Melbourne,9.4527339,Loaded
1999-00,Melbourne,10.457822,Loaded
2000-01,Melbourne,11.058185,Loaded
2001-02,Melbourne,11.926317,Loaded
2002-03,Melbourne,10.805459,Loaded
2003-04,Melbourne,11.4,Loaded
2004-05,Melbourne,11.807376,Loaded
2005-06,Melbourne,12.798106855,Loaded
2006-07,Melbourne,11.3026904254,Loaded
2007-08,Melbourne,11.4776936964,Loaded
2008-09,Melbourne,12.205887977399998,Loaded
2009-10,Melbourne,12.268139312,Loaded
2010-11,Melbourne,13.367127858999998,Loaded
2011-12,Melbourne,15.10333033095,Loaded
2012-13,Melbourne,14.85832361893,Loaded
2013-14,Melbourne,14.97189375904,Loaded
2014-15,Melbourne,14.09602403346,Loaded
2015-16,Melbourne,13.25802372422,Loaded
2016-17,Melbourne,14.9482623361,Loaded
2017-18,Melbourne,15.462763246,Loaded
2018-19,Melbourne,13.14518613229,Loaded
2019-20,Melbourne,13.59586713242,Loaded
2020-21,Melbourne,14.67034051833,Loaded
1995-96,Brisbane,9.4359745,Loaded
1996-97,Brisbane,10.277043,Loaded
1997-98,Brisbane,9.694186199999999,Loaded
1998-99,Brisbane,9.726393400000001,Loaded
1999-00,Brisbane,10.746793,Loaded
2000-01,Brisbane,11.376311,Loaded
2001-02,Brisbane,11.587855,Loaded
2002-03,Brisbane,11.043372,Loaded
2003-04,Brisbane,10.8,Loaded
2004-05,Brisbane,11.501254000000001,Loaded
2005-06,Brisbane,12.091368306,Loaded
2006-07,Brisbane,11.586195353199999,Loaded
2007-08,Brisbane,13.445990311999998,Loaded
2008-09,Brisbane,15.336382772999999,Loaded
2009-10,Brisbane,15.253371355,Loaded
2010-11,Brisbane,15.384427675,Loaded
2011-12,Brisbane,19.16407489498,Loaded
2012-13,Brisbane,19.37914627561,Loaded
2013-14,Brisbane,16.99228507228,Loaded
2014-15,Brisbane,16.02201716459,Loaded
2015-16,Brisbane,13.61095823709,Loaded
2016-17,Brisbane,15.1499332182,Loaded
2017-18,Brisbane,14.43611438313,Loaded
2018-19,Brisbane,13.13950720871,Loaded
2019-20,Brisbane,11.6566579615,Loaded
2020-21,Brisbane,11.1268502179,Loaded
1995-96,Adelaide,3.4475162000000004,Loaded
1996-97,Adelaide,4.3866705,Loaded
1997-98,Adelaide,3.9573028999999997,Loaded
1998-99,Adelaide,4.1598815,Loaded
1999-00,Adelaide,4.553125400000001,Loaded
2000-01,Adelaide,5.3289757,Loaded
2001-02,Adelaide,5.9981883,Loaded
2002-03,Adelaide,5.310933,Loaded
2003-04,Adelaide,4.7,Loaded
2004-05,Adelaide,4.5372877,Loaded
2005-06,Adelaide,5.083863357599999,Loaded
2006-07,Adelaide,4.3686354983,Loaded
2007-08,Adelaide,4.3649084156999995,Loaded
2008-09,Adelaide,4.1776300034,Loaded
2009-10,Adelaide,4.6825644834,Loaded
2010-11,Adelaide,6.7989540081,Loaded
2011-12,Adelaide,9.18176981889,Loaded
2012-13,Adelaide,8.27771003057,Loaded
2013-14,Adelaide,8.92258309904,Loaded
2014-15,Adelaide,7.10548140706,Loaded
2015-16,Adelaide,6.66982547233,Loaded
2016-17,Adelaide,8.51661306813,Loaded
2017-18,Adelaide,8.43109110059,Loaded
2018-19,Adelaide,5.2864716156,Loaded
2019-20,Adelaide,5.58992375389,Loaded
2020-21,Adelaide,7.84334970796,Loaded
1995-96,Perth,10.912162,Loaded
1996-97,Perth,11.915243,Loaded
1997-98,Perth,13.284227,Loaded
1998-99,Perth,12.858822,Loaded
1999-00,Perth,12.927096,Loaded
2000-01,Perth,12.491726,Loaded
2001-02,Perth,12.149539,Loaded
2002-03,Perth,12.874836,Loaded
2003-04,Perth,14.2,Loaded
2004-05,Perth,14.2151656,Loaded
2005-06,Perth,14.1268777795,Loaded
2006-07,Perth,12.4324040508,Loaded
2007-08,Perth,12.6788524172,Loaded
2008-09,Perth,15.4850954802,Loaded
2009-10,Perth,15.321225519899999,Loaded
2010-11,Perth,12.927865463099998,Loaded
2011-12,Perth,14.25462218654,Loaded
2012-13,Perth,18.05155497223,Loaded
2013-14,Perth,19.22068887278,Loaded
2014-15,Perth,20.52294182378,Loaded
2015-16,Perth,19.96073642455,Loaded
2016-17,Perth,20.72620078967,Loaded
2017-18,Perth,18.95258300986,Loaded
2018-19,Perth,18.24528905741,Loaded
2019-20,Perth,16.61306960134,Loaded
2020-21,Perth,15.08774164168,Loaded
1995-96,Hobart,0.7487199499999999,Loaded
1996-97,Hobart,0.25699353,Loaded
1997-98,Hobart,0.59000852,Loaded
1998-99,Hobart,0.72691406,Loaded
1999-00,Hobart,0.93095806,Loaded
2000-01,Hobart,0.5670805400000001,Loaded
2001-02,Hobart,1.5584075,Loaded
2002-03,Hobart,1.2510044,Loaded
2003-04,Hobart,1.4,Loaded
2004-05,Hobart,1.7908133,Loaded
2005-06,Hobart,0.6679005689999999,Loaded
2006-07,Hobart,0.7949775144499999,Loaded
2007-08,Hobart,0.84757240527,Loaded
2008-09,Hobart,0.8612607409699999,Loaded
2009-10,Hobart,0.69550257201,Loaded
2010-11,Hobart,0.69238102056,Loaded
2011-12,Hobart,0.90471874169,Loaded
2012-13,Hobart,0.71328914915,Loaded
2013-14,Hobart,0.70264013985,Loaded
2014-15,Hobart,0.62210142216,Loaded
2015-16,Hobart,0.76199568866,Loaded
2016-17,Hobart,0.67148178485,Loaded
2017-18,Hobart,0.82742206203,Loaded
2018-19,Hobart,0.79120313926,Loaded
2019-20,Hobart,0.74072109418,Loaded
2020-21,Hobart,0.72549155059,Loaded
1995-96,Darwin,0.91904424,Loaded
1996-97,Darwin,1.2646084,Loaded
1997-98,Darwin,0.8632192,Loaded
1998-99,Darwin,0.71149563,Loaded
1999-00,Darwin,0.61066683,Loaded
2000-01,Darwin,0.36933028,Loaded
2001-02,Darwin,0.33310619,Loaded
2002-03,Darwin,0.36185467,Loaded
2003-04,Darwin,0.8,Loaded
2004-05,Darwin,1.0600844,Loaded
2005-06,Darwin,1.1752406340000001,Loaded
2006-07,Darwin,3.9304760071,Loaded
2007-08,Darwin,4.536616798099999,Loaded
2008-09,Darwin,6.0611387101,Loaded
2009-10,Darwin,6.4198218797,Loaded
2010-11,Darwin,6.1599845739,Loaded
2011-12,Darwin,5.46067991956,Loaded
2012-13,Darwin,6.72223225549,Loaded
2013-14,Darwin,6.97950351078,Loaded
2014-15,Darwin,5.52964231847,Loaded
2015-16,Darwin,4.80213728608915,Loaded
2016-17,Darwin,4.04768760910551,Loaded
2017-18,Darwin,4.3259915054,Loaded
2018-19,Darwin,9.55602860325,Loaded
2019-20,Darwin,13.82136749241,Loaded
2020-21,Darwin,14.43590883123,Loaded
1995-96,Sydney,12.200628,Discharged
1996-97,Sydney,15.733531,Discharged
1997-98,Sydney,16.039577,Discharged
1998-99,Sydney,15.556546,Discharged
1999-00,Sydney,17.297432,Discharged
2000-01,Sydney,17.856562,Discharged
2001-02,Sydney,17.647199,Discharged
2002-03,Sydney,18.383748,Discharged
2003-04,Sydney,19.7,Discharged
2004-05,Sydney,19.612555,Discharged
2005-06,Sydney,20.500621608,Discharged
2006-07,Sydney,21.784599526,Discharged
2007-08,Sydney,21.378814045000002,Discharged
2008-09,Sydney,19.851334033,Discharged
2009-10,Sydney,21.335303607999997,Discharged
2010-11,Sydney,21.54929105,Discharged
2011-12,Sydney,21.21418079761,Discharged
2012-13,Sydney,21.31564536351,Discharged
2013-14,Sydney,20.73827151806,Discharged
2014-15,Sydney,19.9691331478311,Discharged
2015-16,Sydney,20.37727442516,Discharged
2016-17,Sydney,21.0302712734,Discharged
2017-18,Sydney,22.38505767998,Discharged
2018-19,Sydney,22.66010208216,Discharged
2019-20,Sydney,21.26413318605,Discharged
2020-21,Sydney,20.20321597384,Discharged
1995-96,Melbourne,10.352921,Discharged
1996-97,Melbourne,10.551181,Discharged
1997-98,Melbourne,10.763685,Discharged
1998-99,Melbourne,12.566668,Discharged
1999-00,Melbourne,12.439473,Discharged
2000-01,Melbourne,11.613742,Discharged
2001-02,Melbourne,12.431905,Discharged
2002-03,Melbourne,14.227313,Discharged
2003-04,Melbourne,15.4,Discharged
2004-05,Melbourne,16.174237,Discharged
2005-06,Melbourne,16.219512063,Discharged
2006-07,Melbourne,17.746205547,Discharged
2007-08,Melbourne,18.761058332,Discharged
2008-09,Melbourne,17.342645805,Discharged
2009-10,Melbourne,17.30482799,Discharged
2010-11,Melbourne,18.420626296,Discharged
2011-12,Melbourne,19.26530651615,Discharged
2012-13,Melbourne,19.00125740326,Discharged
2013-14,Melbourne,19.31327340141,Discharged
2014-15,Melbourne,19.43886043673,Discharged
2015-16,Melbourne,19.80734729252,Discharged
2016-17,Melbourne,20.86661606852,Discharged
2017-18,Melbourne,22.83079007738,Discharged
2018-19,Melbourne,22.55851020527,Discharged
2019-20,Melbourne,22.09939970786,Discharged
2020-21,Melbourne,23.06399596062,Discharged
1995-96,Brisbane,9.4010412,Discharged
1996-97,Brisbane,9.6325004,Discharged
1997-98,Brisbane,11.424275,Discharged
1998-99,Brisbane,11.138184,Discharged
1999-00,Brisbane,12.262778,Discharged
2000-01,Brisbane,11.409369,Discharged
2001-02,Brisbane,11.672693,Discharged
2002-03,Brisbane,13.419508,Discharged
2003-04,Brisbane,13.1,Discharged
2004-05,Brisbane,13.914508,Discharged
2005-06,Brisbane,14.438991609999999,Discharged
2006-07,Brisbane,16.216550607,Discharged
2007-08,Brisbane,16.393044081,Discharged
2008-09,Brisbane,15.984821454999999,Discharged
2009-10,Brisbane,16.60139876,Discharged
2010-11,Brisbane,17.236232207,Discharged
2011-12,Brisbane,17.4263490843,Discharged
2012-13,Brisbane,18.32659336909,Discharged
2013-14,Brisbane,18.21956731626,Discharged
2014-15,Brisbane,17.85213432195,Discharged
2015-16,Brisbane,16.10692215576,Discharged
2016-17,Brisbane,17.20643545959,Discharged
2017-18,Brisbane,18.32828597141,Discharged
2018-19,Brisbane,19.52368122385,Discharged
2019-20,Brisbane,17.89444618224,Discharged
2020-21,Brisbane,16.23199346978,Discharged
1995-96,Adelaide,5.1997991,Discharged
1996-97,Adelaide,5.8324375999999996,Discharged
1997-98,Adelaide,6.2507673,Discharged
1998-99,Adelaide,5.4316528,Discharged
1999-00,Adelaide,5.8971125,Discharged
2000-01,Adelaide,5.7966902000000005,Discharged
2001-02,Adelaide,6.2151432,Discharged
2002-03,Adelaide,5.880262,Discharged
2003-04,Adelaide,4.9,Discharged
2004-05,Adelaide,5.147152599999999,Discharged
2005-06,Adelaide,6.3852939856,Discharged
2006-07,Adelaide,5.3143494141000005,Discharged
2007-08,Adelaide,5.993261264499999,Discharged
2008-09,Adelaide,5.037460029799999,Discharged
2009-10,Adelaide,5.5630211543,Discharged
2010-11,Adelaide,5.698736524,Discharged
2011-12,Adelaide,6.30676992679,Discharged
2012-13,Adelaide,6.38348365364,Discharged
2013-14,Adelaide,6.64561858348999,Discharged
2014-15,Adelaide,7.16174786397,Discharged
2015-16,Adelaide,6.77978517049,Discharged
2016-17,Adelaide,7.1276166192,Discharged
2017-18,Adelaide,7.06375051328,Discharged
2018-19,Adelaide,7.42977827104,Discharged
2019-20,Adelaide,6.99683612365,Discharged
2020-21,Adelaide,6.84022711675,Discharged
1995-96,Perth,8.440762699999999,Discharged
1996-97,Perth,9.9109141,Discharged
1997-98,Perth,9.2018762,Discharged
1998-99,Perth,9.200942099999999,Discharged
1999-00,Perth,9.125117900000001,Discharged
2000-01,Perth,8.9663544,Discharged
2001-02,Perth,10.10869,Discharged
2002-03,Perth,11.368277,Discharged
2003-04,Perth,11.6,Discharged
2004-05,Perth,11.9502696,Discharged
2005-06,Perth,11.085843545499998,Discharged
2006-07,Perth,12.4462698806,Discharged
2007-08,Perth,13.553244144699999,Discharged
2008-09,Perth,12.5137457143,Discharged
2009-10,Perth,12.119889581099999,Discharged
2010-11,Perth,12.9854868646,Discharged
2011-12,Perth,13.67565568236,Discharged
2012-13,Perth,13.9021649668,Discharged
2013-14,Perth,14.42281633035,Discharged
2014-15,Perth,15.17139660616,Discharged
2015-16,Perth,14.77414936214,Discharged
2016-17,Perth,14.631794692,Discharged
2017-18,Perth,14.55414029781,Discharged
2018-19,Perth,14.42610460818,Discharged
2019-20,Perth,14.58633889489,Discharged
2020-21,Perth,13.07880753412,Discharged
1995-96,Hobart,1.0551856000000002,Discharged
1996-97,Hobart,0.19852743,Discharged
1997-98,Hobart,1.053579,Discharged
1998-99,Hobart,0.7938989000000001,Discharged
1999-00,Hobart,0.94578796,Discharged
2000-01,Hobart,0.49787979,Discharged
2001-02,Hobart,1.1441217,Discharged
2002-03,Hobart,1.0046818,Discharged
2003-04,Hobart,1.0,Discharged
2004-05,Hobart,1.1085027,Discharged
2005-06,Hobart,1.0860464179799998,Discharged
2006-07,Hobart,1.11056861718,Discharged
2007-08,Hobart,1.15196336833,Discharged
2008-09,Hobart,1.09036175909,Discharged
2009-10,Hobart,0.98339796409,Discharged
2010-11,Hobart,1.07121298966,Discharged
2011-12,Hobart,0.93155137564,Discharged
2012-13,Hobart,1.00997616237,Discharged
2013-14,Hobart,0.9365579534,Discharged
2014-15,Hobart,0.9716410029,Discharged
2015-16,Hobart,1.19803015555,Discharged
2016-17,Hobart,0.9213736592,Discharged
2017-18,Hobart,0.951600493,Discharged
2018-19,Hobart,1.05967357559,Discharged
2019-20,Hobart,1.16891457148,Discharged
2020-21,Hobart,1.02821527631,Discharged
1995-96,Darwin,0.76114853,Discharged
1996-97,Darwin,0.77494007,Discharged
1997-98,Darwin,0.84634082,Discharged
1998-99,Darwin,0.92752064,Discharged
1999-00,Darwin,0.97809799,Discharged
2000-01,Darwin,1.0045885,Discharged
2001-02,Darwin,0.80706859,Discharged
2002-03,Darwin,0.73290574,Discharged
2003-04,Darwin,0.9951656000000001,Discharged
2004-05,Darwin,1.4412717,Discharged
2005-06,Darwin,1.9738750408,Discharged
2006-07,Darwin,5.2947513952,Discharged
2007-08,Darwin,5.4252936599999995,Discharged
2008-09,Darwin,6.1859905947,Discharged
2009-10,Darwin,5.3106539988,Discharged
2010-11,Darwin,6.066672453600001,Discharged
2011-12,Darwin,5.40370874143,Discharged
2012-13,Darwin,6.33453811849,Discharged
2013-14,Darwin,6.54826176724,Discharged
2014-15,Darwin,6.92420694369,Discharged
2015-16,Darwin,7.11929693608,Discharged
2016-17,Darwin,6.04629520798,Discharged
2017-18,Darwin,6.34138616134941,Discharged
2018-19,Darwin,6.07538476935059,Discharged
2019-20,Darwin,5.19304206194792,Discharged
2020-21,Darwin,5.89121151864298,Discharged
