hire_id,customer_id,container_id,hire_start_date,hire_days,hire_end_date,container_type_id,branch_id,daily_rate,hire_revenue,transport_revenue,total_revenue,operating_cost_per_day,operating_cost,transport_cost_pct,transport_cost,total_cost,gross_margin,gross_margin_pct,acquisition_date,maintenance_cost,profitability_status
H00275,C009,CT0001,2024-03-24,48,2024-05-11,T003,B002,22,1056,339,1395,7.0,336.0,0.7561337020217581,256.33,592.3299999999999,802.6700000000001,57.54,2021-06-11,0,Profitable
H00186,C006,CT0001,2024-07-09,105,2024-10-22,T003,B002,22,2310,209,2519,7.0,735.0,0.7933643474940433,165.81,950.81,1568.19,62.25,2021-06-11,50,Profitable
H00245,C001,CT0001,2024-10-23,33,2024-11-25,T003,B002,22,726,410,1136,7.0,231.0,0.6066825957308777,248.74,479.74,656.26,57.77,2021-06-11,0,Profitable
H00453,C009,CT0001,2025-02-21,90,2025-05-22,T003,B002,22,1980,153,2133,7.0,630.0,0.7617848724234463,116.55,746.55,1386.45,65.0,2021-06-11,0,Profitable
H00042,C007,CT0001,2025-05-23,26,2025-06-18,T003,B002,22,572,574,1146,7.0,182.0,0.6497090074259324,372.93,916.9300000000001,229.06999999999994,19.99,2021-06-11,362,Profitable
H00337,C007,CT0001,2025-06-19,41,2025-07-30,T003,B002,22,902,352,1254,7.0,287.0,0.7056299239324364,248.38,535.38,718.62,57.31,2021-06-11,0,Profitable
H00265,C001,CT0001,2025-07-31,101,2025-11-09,T003,B002,22,2222,198,2420,7.0,707.0,0.6831689716903888,135.27,842.27,1577.73,65.2,2021-06-11,0,Profitable
H00178,C004,CT0001,2025-11-10,55,2026-01-04,T003,B002,22,1210,254,1464,7.0,385.0,0.7140335045051452,181.36,566.36,897.64,61.31,2021-06-11,0,Profitable
H00208,C006,CT0002,2024-08-11,54,2024-10-04,T004,B002,30,1620,492,2112,9.0,486.0,0.7034443547039249,346.09,832.0899999999999,1279.91,60.6,2019-11-15,0,Profitable
H00342,C004,CT0002,2024-10-27,16,2024-11-12,T004,B002,30,480,494,974,9.0,144.0,0.6842518720878397,338.02,482.02,491.98,50.51,2019-11-15,0,Profitable
H00415,C003,CT0002,2024-12-21,36,2025-01-26,T004,B002,30,1080,567,1647,9.0,324.0,0.7520056574766383,426.39,750.39,896.61,54.44,2019-11-15,0,Profitable
H00336,C008,CT0002,2025-01-27,21,2025-02-17,T004,B002,30,630,373,1003,9.0,189.0,0.6682428365238776,249.25,438.25,564.75,56.31,2019-11-15,0,Profitable
H00016,C010,CT0002,2025-02-18,63,2025-04-22,T004,B002,30,1890,312,2202,9.0,567.0,0.7949116787584709,248.01,815.01,1386.99,62.99,2019-11-15,0,Profitable
H00013,C009,CT0002,2025-08-16,49,2025-10-04,T004,B002,30,1470,222,1692,9.0,441.0,0.787578188232648,174.84,615.84,1076.1599999999999,63.6,2019-11-15,0,Profitable
H00133,C003,CT0002,2025-10-05,69,2025-12-13,T004,B002,30,2070,379,2449,9.0,621.0,0.6476820914034034,245.47,1160.47,1288.53,52.61,2019-11-15,294,Profitable
H00461,C004,CT0003,2024-08-24,22,2024-09-15,T001,B004,8,176,204,380,2.5,55.0,0.6071216866886927,123.85,178.85,201.15,52.93,2019-10-26,0,Profitable
H00004,C008,CT0003,2024-09-16,99,2024-12-24,T001,B004,8,792,307,1099,2.5,247.5,0.6248608776229717,191.83,439.33000000000004,659.67,60.02,2019-10-26,0,Profitable
H00279,C007,CT0003,2025-01-16,42,2025-02-27,T001,B004,8,336,298,634,2.5,105.0,0.6997020740958729,208.51,313.51,320.49,50.55,2019-10-26,0,Profitable
H00373,C005,CT0004,2024-05-22,42,2024-07-03,T003,B002,22,924,430,1354,7.0,294.0,0.7296073074546838,313.73,705.73,648.27,47.88,2023-06-22,98,Profitable
H00062,C008,CT0004,2024-09-22,104,2025-01-04,T003,B002,22,2288,169,2457,7.0,728.0,0.6364801118754236,107.57,835.5699999999999,1621.43,65.99,2023-06-22,0,Profitable
H00274,C002,CT0004,2025-11-17,119,2026-03-16,T003,B002,22,2618,268,2886,7.0,833.0,0.6209571117558801,166.42,999.42,1886.58,65.37,2023-06-22,0,Profitable
H00113,C001,CT0005,2024-04-08,95,2024-07-12,T003,B002,22,2090,380,2470,7.0,665.0,0.7484974290920016,284.43,949.4300000000001,1520.57,61.56,2022-06-20,0,Profitable
H00009,C005,CT0005,2024-07-13,7,2024-07-20,T003,B002,22,154,485,639,7.0,49.0,0.721477817762466,349.92,398.92,240.07999999999998,37.57,2022-06-20,0,Profitable
H00127,C009,CT0005,2025-08-02,68,2025-10-09,T003,B002,22,1496,332,1828,7.0,476.0,0.7376823767498368,244.91,961.91,866.09,47.38,2022-06-20,241,Profitable
H00347,C001,CT0005,2025-11-21,31,2025-12-22,T003,B002,22,682,407,1089,7.0,217.0,0.6212270053827402,252.84,469.84000000000003,619.16,56.86,2022-06-20,0,Profitable
H00057,C010,CT0005,2025-12-23,26,2026-01-18,T003,B002,22,572,245,817,7.0,182.0,0.589095451100862,144.33,326.33000000000004,490.66999999999996,60.06,2022-06-20,0,Profitable
H00164,C007,CT0005,2026-01-19,77,2026-04-06,T003,B002,22,1694,401,2095,7.0,539.0,0.6282904987043206,251.94,1110.94,984.06,46.97,2022-06-20,320,Profitable
H00089,C010,CT0006,2024-01-11,102,2024-04-22,T004,B004,30,3060,298,3358,9.0,918.0,0.7209385263942607,214.84,1132.84,2225.16,66.26,2022-02-04,0,Profitable
H00146,C005,CT0006,2024-05-03,104,2024-08-15,T004,B004,30,3120,330,3450,9.0,936.0,0.6280872754713784,207.27,1143.27,2306.73,66.86,2022-02-04,0,Profitable
H00399,C004,CT0006,2024-11-09,56,2025-01-04,T004,B004,30,1680,560,2240,9.0,504.0,0.5847178315991293,327.44,1008.44,1231.56,54.98,2022-02-04,177,Profitable
H00006,C010,CT0006,2025-01-05,82,2025-03-28,T004,B004,30,2460,307,2767,9.0,738.0,0.7093883161175575,217.78,955.78,1811.22,65.46,2022-02-04,0,Profitable
H00326,C006,CT0007,2024-04-26,55,2024-06-20,T001,B004,8,440,546,986,2.5,137.5,0.6172397364566178,337.01,474.51,511.49,51.88,2021-02-10,0,Profitable
H00091,C003,CT0007,2024-08-13,11,2024-08-24,T001,B004,8,88,305,393,2.5,27.5,0.7951292055002765,242.51,270.01,122.99000000000001,31.3,2021-02-10,0,Profitable
H00209,C010,CT0007,2025-06-08,43,2025-07-21,T001,B004,8,344,493,837,2.5,107.5,0.6588763635995398,324.83,795.3299999999999,41.67000000000007,4.98,2021-02-10,363,Profitable
H00291,C010,CT0007,2025-07-22,27,2025-08-18,T001,B004,8,216,437,653,2.5,67.5,0.6169441688720836,269.6,337.1,315.9,48.38,2021-02-10,0,Profitable
H00324,C006,CT0007,2025-11-08,75,2026-01-22,T001,B004,8,600,167,767,2.5,187.5,0.6682242832027263,111.59,299.09000000000003,467.90999999999997,61.01,2021-02-10,0,Profitable
H00276,C003,CT0008,2024-01-22,67,2024-03-29,T001,B001,8,536,404,940,2.5,167.5,0.5685602182470967,229.7,397.2,542.8,57.74,2023-01-28,0,Profitable
H00293,C003,CT0008,2024-06-11,98,2024-09-17,T001,B001,8,784,375,1159,2.5,245.0,0.6933373364088046,260.0,505.0,654.0,56.43,2023-01-28,0,Profitable
H00482,C009,CT0008,2024-09-18,29,2024-10-17,T001,B001,8,232,179,411,2.5,72.5,0.7017193353942326,125.61,198.11,212.89,51.8,2023-01-28,0,Profitable
H00126,C004,CT0008,2024-11-24,96,2025-02-28,T001,B001,8,768,282,1050,2.5,240.0,0.690045564593728,194.59,434.59000000000003,615.41,58.61,2023-01-28,0,Profitable
H00306,C010,CT0008,2025-08-13,97,2025-11-18,T001,B001,8,776,427,1203,2.5,242.5,0.5705517659279454,243.63,486.13,716.87,59.59,2023-01-28,0,Profitable
H00367,C003,CT0009,2024-04-12,108,2024-07-29,T003,B005,22,2376,172,2548,7.0,756.0,0.7324650772121196,125.98,881.98,1666.02,65.39,2022-03-01,0,Profitable
H00022,C008,CT0009,2024-07-30,53,2024-09-21,T003,B005,22,1166,425,1591,7.0,371.0,0.7824042307189211,332.52,703.52,887.48,55.78,2022-03-01,0,Profitable
H00037,C004,CT0009,2024-09-22,120,2025-01-20,T003,B005,22,2640,459,3099,7.0,840.0,0.7450532658575256,341.98,1181.98,1917.02,61.86,2022-03-01,0,Profitable
H00169,C010,CT0009,2025-01-21,82,2025-04-13,T003,B005,22,1804,370,2174,7.0,574.0,0.7349325830213852,271.93,845.9300000000001,1328.07,61.09,2022-03-01,0,Profitable
H00196,C008,CT0009,2025-04-14,32,2025-05-16,T003,B005,22,704,433,1137,7.0,224.0,0.6135804952945793,265.68,489.68,647.3199999999999,56.93,2022-03-01,0,Profitable
H00351,C002,CT0009,2025-08-10,13,2025-08-23,T003,B005,22,286,432,718,7.0,91.0,0.6491992117715791,280.45,371.45,346.55,48.27,2022-03-01,0,Profitable
H00406,C010,CT0010,2024-10-25,8,2024-11-02,T002,B005,12,96,235,331,3.5,28.0,0.7572544331363729,177.95,205.95,125.05000000000001,37.78,2024-10-25,0,Profitable
H00011,C005,CT0010,2025-05-12,26,2025-06-07,T002,B005,12,312,585,897,3.5,91.0,0.7368048969355094,431.03,522.03,374.97,41.8,2024-10-25,0,Profitable
H00008,C010,CT0010,2025-06-08,111,2025-09-27,T002,B005,12,1332,216,1548,3.5,388.5,0.5945631167261605,128.43,516.9300000000001,1031.07,66.61,2024-10-25,0,Profitable
H00112,C002,CT0010,2025-09-28,78,2025-12-15,T002,B005,12,936,571,1507,3.5,273.0,0.7945154544933821,453.67,726.6700000000001,780.3299999999999,51.78,2024-10-25,0,Profitable
H00281,C001,CT0010,2025-12-16,74,2026-02-28,T002,B005,12,888,289,1177,3.5,259.0,0.7693098642905501,222.33,481.33000000000004,695.67,59.11,2024-10-25,0,Profitable
H00500,C005,CT0010,2026-03-01,44,2026-04-14,T002,B005,12,528,400,928,3.5,154.0,0.7576721276300192,303.07,457.07,470.93,50.75,2024-10-25,0,Profitable
H00341,C005,CT0011,2024-01-11,17,2024-01-28,T003,B002,22,374,384,758,7.0,119.0,0.6977168603177604,267.92,478.92,279.08,36.82,2019-07-18,92,Profitable
H00001,C010,CT0011,2024-01-29,20,2024-02-18,T003,B002,22,440,231,671,7.0,140.0,0.7503417289548798,173.33,451.33000000000004,219.66999999999996,32.74,2019-07-18,138,Profitable
H00143,C004,CT0011,2024-09-17,111,2025-01-06,T003,B002,22,2442,362,2804,7.0,777.0,0.6391677435354413,231.38,1008.38,1795.62,64.04,2019-07-18,0,Profitable
H00426,C010,CT0011,2025-01-07,61,2025-03-09,T003,B002,22,1342,250,1592,7.0,427.0,0.6975713857382899,174.39,601.39,990.61,62.22,2019-07-18,0,Profitable
H00176,C001,CT0011,2025-03-10,95,2025-06-13,T003,B002,22,2090,546,2636,7.0,665.0,0.7992695392704154,436.4,1101.4,1534.6,58.22,2019-07-18,0,Profitable
H00050,C005,CT0011,2025-06-14,75,2025-08-28,T003,B002,22,1650,228,1878,7.0,525.0,0.6189030846697364,141.11,666.11,1211.8899999999999,64.53,2019-07-18,0,Profitable
H00424,C007,CT0011,2025-08-29,37,2025-10-05,T003,B002,22,814,461,1275,7.0,259.0,0.685633592133063,316.08,575.0799999999999,699.9200000000001,54.9,2019-07-18,0,Profitable
H00466,C003,CT0012,2024-04-09,42,2024-05-21,T003,B005,22,924,311,1235,7.0,294.0,0.6022160176764351,187.29,843.29,391.71000000000004,31.72,2021-07-15,362,Profitable
H00403,C007,CT0012,2024-05-22,9,2024-05-31,T003,B005,22,198,162,360,7.0,63.0,0.7094692731659085,114.93,177.93,182.07,50.58,2021-07-15,0,Profitable
H00345,C001,CT0012,2025-01-26,83,2025-04-19,T003,B005,22,1826,434,2260,7.0,581.0,0.7583292678682532,329.11,910.11,1349.8899999999999,59.73,2021-07-15,0,Profitable
H00152,C010,CT0012,2025-04-20,76,2025-07-05,T003,B005,22,1672,544,2216,7.0,532.0,0.6894550479823004,375.06,907.06,1308.94,59.07,2021-07-15,0,Profitable
H00493,C004,CT0012,2025-07-06,66,2025-09-10,T003,B005,22,1452,332,1784,7.0,462.0,0.6390464117793986,212.16,674.16,1109.8400000000001,62.21,2021-07-15,0,Profitable
H00477,C006,CT0012,2025-09-11,71,2025-11-21,T003,B005,22,1562,360,1922,7.0,497.0,0.668501607120789,240.66,737.66,1184.3400000000001,61.62,2021-07-15,0,Profitable
H00014,C005,CT0013,2024-08-10,82,2024-10-31,T003,B002,22,1804,548,2352,7.0,574.0,0.6007340918937256,329.2,1035.2,1316.8,55.99,2022-06-25,132,Profitable
H00247,C001,CT0013,2024-11-01,117,2025-02-26,T003,B002,22,2574,501,3075,7.0,819.0,0.5822121780000638,291.69,1110.69,1964.31,63.88,2022-06-25,0,Profitable
H00154,C010,CT0013,2025-02-27,88,2025-05-26,T003,B002,22,1936,554,2490,7.0,616.0,0.7033682846597942,389.67,1005.6700000000001,1484.33,59.61,2022-06-25,0,Profitable
H00117,C005,CT0013,2025-05-27,7,2025-06-03,T003,B002,22,154,340,494,7.0,49.0,0.6862119397711289,233.31,282.31,211.69,42.85,2022-06-25,0,Profitable
H00070,C001,CT0014,2024-05-21,117,2024-09-15,T003,B001,22,2574,403,2977,7.0,819.0,0.7705339035705151,310.53,1129.53,1847.47,62.06,2019-11-30,0,Profitable
H00319,C005,CT0014,2024-09-16,42,2024-10-28,T003,B001,22,924,268,1192,7.0,294.0,0.6085461117038715,163.09,457.09000000000003,734.91,61.65,2019-11-30,0,Profitable
H00051,C004,CT0014,2025-08-30,39,2025-10-08,T003,B001,22,858,217,1075,7.0,273.0,0.746781650650401,162.05,435.05,639.95,59.53,2019-11-30,0,Profitable
H00366,C003,CT0014,2025-10-27,96,2026-01-31,T003,B001,22,2112,168,2280,7.0,672.0,0.647468088235386,108.77,780.77,1499.23,65.76,2019-11-30,0,Profitable
H00124,C001,CT0015,2024-04-29,75,2024-07-13,T004,B004,30,2250,378,2628,9.0,675.0,0.6138733361639013,232.04,907.04,1720.96,65.49,2023-12-01,0,Profitable
H00191,C007,CT0015,2024-07-14,72,2024-09-24,T004,B004,30,2160,391,2551,9.0,648.0,0.739895602528658,289.3,937.3,1613.7,63.26,2023-12-01,0,Profitable
H00077,C008,CT0015,2025-03-07,29,2025-04-05,T004,B004,30,870,415,1285,9.0,261.0,0.5862412680949542,243.29,504.28999999999996,780.71,60.76,2023-12-01,0,Profitable
H00024,C001,CT0015,2025-09-11,82,2025-12-02,T004,B004,30,2460,415,2875,9.0,738.0,0.5640340258540526,234.07,972.0699999999999,1902.93,66.19,2023-12-01,0,Profitable
H00096,C005,CT0015,2025-12-03,71,2026-02-12,T004,B004,30,2130,549,2679,9.0,639.0,0.6872096641800147,377.28,1016.28,1662.72,62.06,2023-12-01,0,Profitable
H00494,C001,CT0015,2026-02-13,107,2026-05-31,T004,B004,30,3210,262,3472,9.0,963.0,0.7567037434491048,198.26,1215.26,2256.74,65.0,2023-12-01,54,Profitable
H00314,C006,CT0016,2025-06-19,45,2025-08-03,T001,B004,8,360,525,885,2.5,112.5,0.6613115280711971,347.19,565.69,319.30999999999995,36.08,2018-01-02,106,Profitable
H00261,C007,CT0016,2025-08-04,95,2025-11-07,T001,B004,8,760,478,1238,2.5,237.5,0.7954496733151569,380.22,1000.72,237.27999999999997,19.17,2018-01-02,383,Profitable
H00472,C006,CT0017,2024-01-02,111,2024-04-22,T004,B004,30,3330,209,3539,9.0,999.0,0.6719627992981017,140.44,1139.44,2399.56,67.8,2019-10-04,0,Profitable
H00214,C004,CT0017,2024-04-23,49,2024-06-11,T004,B004,30,1470,598,2068,9.0,441.0,0.6134937186430063,366.87,807.87,1260.13,60.93,2019-10-04,0,Profitable
H00389,C009,CT0017,2024-06-12,8,2024-06-20,T004,B004,30,240,373,613,9.0,72.0,0.7750803170185679,289.1,469.1,143.89999999999998,23.47,2019-10-04,108,Profitable
H00452,C005,CT0017,2024-11-30,27,2024-12-27,T004,B004,30,810,220,1030,9.0,243.0,0.5753149786537898,126.57,451.57,578.4300000000001,56.16,2019-10-04,82,Profitable
H00080,C003,CT0017,2024-12-28,86,2025-03-24,T004,B004,30,2580,531,3111,9.0,774.0,0.6345657763330872,336.95,1110.95,2000.05,64.29,2019-10-04,0,Profitable
H00408,C003,CT0017,2025-06-07,50,2025-07-27,T004,B004,30,1500,239,1739,9.0,450.0,0.755003157279839,180.45,630.45,1108.55,63.75,2019-10-04,0,Profitable
H00021,C009,CT0017,2025-07-28,43,2025-09-09,T004,B004,30,1290,355,1645,9.0,387.0,0.7244176568800188,257.17,644.1700000000001,1000.8299999999999,60.84,2019-10-04,0,Profitable
H00382,C010,CT0018,2024-08-10,76,2024-10-25,T004,B005,30,2280,278,2558,9.0,684.0,0.6141735570775115,170.74,854.74,1703.26,66.59,2024-03-17,0,Profitable
H00264,C006,CT0018,2024-10-26,13,2024-11-08,T004,B005,30,390,600,990,9.0,117.0,0.7070595276158204,424.24,541.24,448.76,45.33,2024-03-17,0,Profitable
H00066,C004,CT0018,2025-07-30,63,2025-10-01,T004,B005,30,1890,539,2429,9.0,567.0,0.6091960773278464,328.36,991.36,1437.6399999999999,59.19,2024-03-17,96,Profitable
H00331,C002,CT0019,2024-03-04,27,2024-03-31,T004,B001,30,810,509,1319,9.0,243.0,0.7010179192678049,356.82,599.8199999999999,719.1800000000001,54.52,2022-05-09,0,Profitable
H00330,C003,CT0019,2025-01-29,39,2025-03-09,T004,B001,30,1170,451,1621,9.0,351.0,0.5599414912471424,252.53,603.53,1017.47,62.77,2022-05-09,0,Profitable
H00263,C001,CT0019,2025-03-10,81,2025-05-30,T004,B001,30,2430,583,3013,9.0,729.0,0.6897962017073317,402.15,1131.15,1881.85,62.46,2022-05-09,0,Profitable
H00467,C003,CT0019,2025-05-31,103,2025-09-11,T004,B001,30,3090,307,3397,9.0,927.0,0.781409332506334,239.89,1166.8899999999999,2230.11,65.65,2022-05-09,0,Profitable
H00238,C008,CT0020,2024-07-10,25,2024-08-04,T003,B005,22,550,548,1098,7.0,175.0,0.7747118470450619,424.54,830.54,267.46000000000004,24.36,2020-05-04,231,Profitable
H00346,C010,CT0020,2024-08-05,63,2024-10-07,T003,B005,22,1386,418,1804,7.0,441.0,0.760981153152931,318.09,759.0899999999999,1044.91,57.92,2020-05-04,0,Profitable
H00440,C008,CT0020,2025-01-16,22,2025-02-07,T003,B005,22,484,508,992,7.0,154.0,0.5914070867570664,300.43,454.43,537.5699999999999,54.19,2020-05-04,0,Profitable
H00142,C009,CT0020,2025-06-20,37,2025-07-27,T003,B005,22,814,162,976,7.0,259.0,0.5735090261085667,92.91,351.90999999999997,624.09,63.94,2020-05-04,0,Profitable
H00340,C001,CT0020,2025-07-28,38,2025-09-04,T003,B005,22,836,299,1135,7.0,266.0,0.6685721051078152,199.9,465.9,669.1,58.95,2020-05-04,0,Profitable
H00484,C008,CT0021,2024-05-09,74,2024-07-22,T002,B005,12,888,266,1154,3.5,259.0,0.5577344111828355,148.36,407.36,746.64,64.7,2022-10-26,0,Profitable
H00180,C007,CT0021,2024-12-28,119,2025-04-26,T002,B005,12,1428,166,1594,3.5,416.5,0.7217152494187573,119.8,895.3,698.7,43.83,2022-10-26,359,Profitable
H00192,C003,CT0021,2025-07-10,52,2025-08-31,T002,B005,12,624,463,1087,3.5,182.0,0.7970163916631936,369.02,848.02,238.98000000000002,21.99,2022-10-26,297,Profitable
H00423,C001,CT0021,2025-10-23,99,2026-01-30,T002,B005,12,1188,219,1407,3.5,346.5,0.5694036611828602,124.7,471.2,935.8,66.51,2022-10-26,0,Profitable
H00372,C005,CT0022,2024-08-29,116,2024-12-23,T001,B001,8,928,516,1444,2.5,290.0,0.6241819102760225,322.08,612.0799999999999,831.9200000000001,57.61,2024-08-29,0,Profitable
H00435,C002,CT0022,2024-12-24,22,2025-01-15,T001,B001,8,176,376,552,2.5,55.0,0.6425130836685639,241.58,683.58,-131.58000000000004,-23.84,2024-08-29,387,Loss
H00045,C005,CT0022,2025-06-29,7,2025-07-06,T001,B001,8,56,290,346,2.5,17.5,0.5533506566080415,160.47,177.97,168.03,48.56,2024-08-29,0,Profitable
H00229,C010,CT0022,2025-07-25,31,2025-08-25,T001,B001,8,248,297,545,2.5,77.5,0.6400944549825869,190.11,267.61,277.39,50.9,2024-08-29,0,Profitable
H00075,C001,CT0023,2024-10-19,44,2024-12-02,T002,B001,12,528,154,682,3.5,154.0,0.6736202828237733,103.74,257.74,424.26,62.21,2022-07-20,0,Profitable
H00148,C009,CT0023,2024-12-03,116,2025-03-29,T002,B001,12,1392,322,1714,3.5,406.0,0.5989602031467298,192.87,865.87,848.13,49.48,2022-07-20,267,Profitable
H00328,C002,CT0023,2025-03-30,114,2025-07-22,T002,B001,12,1368,275,1643,3.5,399.0,0.7728700039058767,212.54,611.54,1031.46,62.78,2022-07-20,0,Profitable
H00177,C006,CT0023,2025-07-24,39,2025-09-01,T002,B001,12,468,262,730,3.5,136.5,0.7949456144636305,208.28,344.78,385.22,52.77,2022-07-20,0,Profitable
H00010,C010,CT0023,2025-11-18,11,2025-11-29,T002,B001,12,132,156,288,3.5,38.5,0.7977816079553259,124.45,162.95,125.05000000000001,43.42,2022-07-20,0,Profitable
H00357,C007,CT0024,2024-03-26,47,2024-05-12,T004,B001,30,1410,427,1837,9.0,423.0,0.6828998661511078,291.6,714.6,1122.4,61.1,2021-02-27,0,Profitable
H00025,C007,CT0024,2024-07-06,43,2024-08-18,T004,B001,30,1290,174,1464,9.0,387.0,0.7631820049689279,132.79,519.79,944.21,64.5,2021-02-27,0,Profitable
H00434,C009,CT0024,2024-11-27,23,2024-12-20,T004,B001,30,690,173,863,9.0,207.0,0.553077425754019,95.68,302.68,560.3199999999999,64.93,2021-02-27,0,Profitable
H00219,C002,CT0024,2024-12-30,120,2025-04-29,T004,B001,30,3600,349,3949,9.0,1080.0,0.5509542835310868,192.28,1379.28,2569.7200000000003,65.07,2021-02-27,107,Profitable
H00370,C003,CT0025,2024-03-30,45,2024-05-14,T004,B001,30,1350,444,1794,9.0,405.0,0.6145433135477923,272.86,677.86,1116.1399999999999,62.22,2020-12-12,0,Profitable
H00391,C008,CT0025,2024-05-15,11,2024-05-26,T004,B001,30,330,511,841,9.0,99.0,0.6302702742717625,322.07,788.0699999999999,52.930000000000064,6.29,2020-12-12,367,Profitable
H00204,C008,CT0025,2024-09-14,31,2024-10-15,T004,B001,30,930,582,1512,9.0,279.0,0.6550296819619312,381.23,660.23,851.77,56.33,2020-12-12,0,Profitable
H00490,C006,CT0025,2024-10-16,49,2024-12-04,T004,B001,30,1470,322,1792,9.0,441.0,0.5920842389797826,190.65,631.65,1160.35,64.75,2020-12-12,0,Profitable
H00079,C002,CT0025,2025-02-02,58,2025-04-01,T004,B001,30,1740,279,2019,9.0,522.0,0.5977976753661973,166.79,688.79,1330.21,65.88,2020-12-12,0,Profitable
H00458,C006,CT0025,2025-09-28,109,2026-01-15,T004,B001,30,3270,378,3648,9.0,981.0,0.5763147962992532,217.85,1198.85,2449.15,67.14,2020-12-12,0,Profitable
H00220,C009,CT0025,2026-01-16,114,2026-05-10,T004,B001,30,3420,236,3656,9.0,1026.0,0.7204173706004051,170.02,1449.02,2206.98,60.37,2020-12-12,253,Profitable
H00374,C002,CT0026,2024-04-15,110,2024-08-03,T002,B004,12,1320,277,1597,3.5,385.0,0.7885082818962602,218.42,603.42,993.58,62.22,2022-09-04,0,Profitable
H00138,C010,CT0026,2024-08-04,54,2024-09-27,T002,B004,12,648,525,1173,3.5,189.0,0.573351992993824,301.01,490.01,682.99,58.23,2022-09-04,0,Profitable
H00060,C005,CT0026,2024-09-28,94,2024-12-31,T002,B004,12,1128,180,1308,3.5,329.0,0.704924860049854,126.89,455.89,852.11,65.15,2022-09-04,0,Profitable
H00497,C001,CT0026,2025-01-01,117,2025-04-28,T002,B004,12,1404,468,1872,3.5,409.5,0.6768615915299356,316.77,1120.27,751.73,40.16,2022-09-04,394,Profitable
H00496,C001,CT0026,2025-04-29,18,2025-05-17,T002,B004,12,216,295,511,3.5,63.0,0.5942927313179664,175.32,238.32,272.68,53.36,2022-09-04,0,Profitable
H00421,C007,CT0026,2025-05-18,75,2025-08-01,T002,B004,12,900,392,1292,3.5,262.5,0.7629603092184869,299.08,561.5799999999999,730.4200000000001,56.53,2022-09-04,0,Profitable
H00230,C008,CT0026,2025-08-02,42,2025-09-13,T002,B004,12,504,426,930,3.5,147.0,0.567126351656745,241.6,388.6,541.4,58.22,2022-09-04,0,Profitable
H00447,C004,CT0026,2025-09-14,90,2025-12-13,T002,B004,12,1080,206,1286,3.5,315.0,0.6447275695147037,132.81,447.81,838.19,65.18,2022-09-04,0,Profitable
H00409,C007,CT0026,2025-12-14,8,2025-12-22,T002,B004,12,96,463,559,3.5,28.0,0.7237205934189899,335.08,363.08,195.92000000000002,35.05,2022-09-04,0,Profitable
H00200,C003,CT0026,2025-12-23,76,2026-03-09,T002,B004,12,912,413,1325,3.5,266.0,0.6110849851966166,252.38,518.38,806.62,60.88,2022-09-04,0,Profitable
H00100,C009,CT0027,2025-08-09,80,2025-10-28,T002,B003,12,960,409,1369,3.5,280.0,0.657157636742619,268.78,548.78,820.22,59.91,2025-08-09,0,Profitable
H00106,C009,CT0027,2025-10-29,14,2025-11-12,T002,B003,12,168,529,697,3.5,49.0,0.6650405661221099,351.81,400.81,296.19,42.49,2025-08-09,0,Profitable
H00134,C009,CT0027,2025-11-13,79,2026-01-31,T002,B003,12,948,228,1176,3.5,276.5,0.7495860470560821,170.91,447.40999999999997,728.59,61.95,2025-08-09,0,Profitable
H00140,C005,CT0027,2026-02-01,79,2026-04-21,T002,B003,12,948,538,1486,3.5,276.5,0.5989023182611288,322.21,598.71,887.29,59.71,2025-08-09,0,Profitable
H00396,C008,CT0027,2026-04-22,14,2026-05-06,T002,B003,12,168,451,619,3.5,49.0,0.7720097660900295,348.18,397.18,221.82,35.84,2025-08-09,0,Profitable
H00231,C006,CT0028,2024-08-09,81,2024-10-29,T002,B003,12,972,381,1353,3.5,283.5,0.7407888228147224,282.24,565.74,787.26,58.19,2022-08-23,0,Profitable
H00256,C002,CT0029,2024-02-02,8,2024-02-10,T004,B001,30,240,372,612,9.0,72.0,0.7269220815826547,270.42,621.4200000000001,-9.420000000000073,-1.54,2022-09-30,279,Loss
H00125,C001,CT0029,2024-03-29,111,2024-07-18,T004,B001,30,3330,235,3565,9.0,999.0,0.7866594885499019,184.86,1183.8600000000001,2381.14,66.79,2022-09-30,0,Profitable
H00171,C005,CT0029,2024-08-03,21,2024-08-24,T004,B001,30,630,562,1192,9.0,189.0,0.7971039973530192,447.97,636.97,555.03,46.56,2022-09-30,0,Profitable
H00227,C007,CT0029,2024-08-25,53,2024-10-17,T004,B001,30,1590,166,1756,9.0,477.0,0.7665966285628356,127.26,604.26,1151.74,65.59,2022-09-30,0,Profitable
H00333,C009,CT0029,2024-10-18,28,2024-11-15,T004,B001,30,840,284,1124,9.0,252.0,0.6097141651004819,173.16,582.16,541.84,48.21,2022-09-30,157,Profitable
H00376,C006,CT0029,2024-11-16,103,2025-02-27,T004,B001,30,3090,260,3350,9.0,927.0,0.7657201257281031,199.09,1126.09,2223.91,66.39,2022-09-30,0,Profitable
H00102,C009,CT0029,2025-02-28,120,2025-06-28,T004,B001,30,3600,189,3789,9.0,1080.0,0.7160469786263544,135.33,1215.33,2573.67,67.92,2022-09-30,0,Profitable
H00128,C006,CT0029,2025-06-29,98,2025-10-05,T004,B001,30,2940,535,3475,9.0,882.0,0.6894951846956601,368.88,1250.88,2224.12,64.0,2022-09-30,0,Profitable
H00277,C001,CT0029,2025-10-06,48,2025-11-23,T004,B001,30,1440,519,1959,9.0,432.0,0.6065878735853716,314.82,746.8199999999999,1212.18,61.88,2022-09-30,0,Profitable
H00097,C002,CT0029,2025-11-24,61,2026-01-24,T004,B001,30,1830,401,2231,9.0,549.0,0.7032250402154874,281.99,830.99,1400.01,62.75,2022-09-30,0,Profitable
H00422,C009,CT0029,2026-01-25,83,2026-04-18,T004,B001,30,2490,372,2862,9.0,747.0,0.650974466042531,242.16,1172.1599999999999,1689.8400000000001,59.04,2022-09-30,183,Profitable
H00053,C004,CT0030,2024-01-29,57,2024-03-26,T004,B003,30,1710,593,2303,9.0,513.0,0.6428017734724996,381.18,1150.18,1152.82,50.06,2021-12-10,256,Profitable
H00255,C009,CT0030,2024-03-27,24,2024-04-20,T004,B003,30,720,486,1206,9.0,216.0,0.5818634898557173,282.79,498.79,707.21,58.64,2021-12-10,0,Profitable
H00260,C005,CT0030,2025-07-23,96,2025-10-27,T004,B003,30,2880,558,3438,9.0,864.0,0.7598652273751918,424.0,1288.0,2150.0,62.54,2021-12-10,0,Profitable
H00360,C008,CT0030,2025-11-03,109,2026-02-20,T004,B003,30,3270,338,3608,9.0,981.0,0.557417055766185,188.41,1169.41,2438.59,67.59,2021-12-10,0,Profitable
H00168,C002,CT0031,2024-04-13,71,2024-06-23,T001,B003,8,568,382,950,2.5,177.5,0.5794109970398313,221.34,398.84000000000003,551.16,58.02,2024-04-13,0,Profitable
H00398,C003,CT0031,2025-01-24,78,2025-04-12,T001,B003,8,624,368,992,2.5,195.0,0.6755384024904968,248.6,443.6,548.4,55.28,2024-04-13,0,Profitable
H00118,C001,CT0031,2025-11-20,25,2025-12-15,T001,B003,8,200,211,411,2.5,62.5,0.7396062544672778,156.06,218.56,192.44,46.82,2024-04-13,0,Profitable
H00254,C005,CT0032,2024-01-07,36,2024-02-12,T001,B001,8,288,369,657,2.5,90.0,0.7915608526766996,292.09,382.09,274.91,41.84,2020-04-15,0,Profitable
H00499,C006,CT0032,2024-02-13,48,2024-04-01,T001,B001,8,384,262,646,2.5,120.0,0.6087593037009563,159.49,279.49,366.51,56.74,2020-04-15,0,Profitable
H00289,C005,CT0032,2024-09-13,19,2024-10-02,T001,B001,8,152,549,701,2.5,47.5,0.6213225845893291,341.11,695.61,5.389999999999986,0.77,2020-04-15,307,Profitable
H00312,C002,CT0032,2024-12-14,106,2025-03-30,T001,B001,8,848,323,1171,2.5,265.0,0.5926454778892726,191.42,456.41999999999996,714.58,61.02,2020-04-15,0,Profitable
H00071,C001,CT0032,2025-03-31,49,2025-05-19,T001,B001,8,392,279,671,2.5,122.5,0.648361961640898,180.89,303.39,367.61,54.79,2020-04-15,0,Profitable
H00280,C006,CT0032,2025-05-20,90,2025-08-18,T001,B001,8,720,313,1033,2.5,225.0,0.5661228178122919,177.2,605.2,427.79999999999995,41.41,2020-04-15,203,Profitable
H00098,C008,CT0033,2024-11-05,96,2025-02-09,T004,B003,30,2880,246,3126,9.0,864.0,0.6065367628974853,149.21,1013.21,2112.79,67.59,2018-07-22,0,Profitable
H00327,C002,CT0033,2025-02-10,105,2025-05-26,T004,B003,30,3150,298,3448,9.0,945.0,0.651742977408566,194.22,1139.22,2308.7799999999997,66.96,2018-07-22,0,Profitable
H00005,C003,CT0033,2025-05-27,16,2025-06-12,T004,B003,30,480,365,845,9.0,144.0,0.5933700185664894,216.58,360.58000000000004,484.41999999999996,57.33,2018-07-22,0,Profitable
H00438,C002,CT0033,2025-06-13,90,2025-09-11,T004,B003,30,2700,379,3079,9.0,810.0,0.6814531497183309,258.27,1068.27,2010.73,65.3,2018-07-22,0,Profitable
H00108,C003,CT0033,2025-09-12,110,2025-12-31,T004,B003,30,3300,370,3670,9.0,990.0,0.6226468899515888,230.38,1220.38,2449.62,66.75,2018-07-22,0,Profitable
H00225,C006,CT0033,2026-01-01,113,2026-04-24,T004,B003,30,3390,557,3947,9.0,1017.0,0.5692695029878652,317.08,1334.08,2612.92,66.2,2018-07-22,0,Profitable
H00038,C005,CT0034,2024-01-16,84,2024-04-09,T002,B005,12,1008,387,1395,3.5,294.0,0.5517573009534048,213.53,507.53,887.47,63.62,2018-05-03,0,Profitable
H00307,C010,CT0034,2024-04-10,43,2024-05-23,T002,B005,12,516,563,1079,3.5,150.5,0.7776691448587849,437.83,588.3299999999999,490.6700000000001,45.47,2018-05-03,0,Profitable
H00284,C006,CT0034,2024-05-24,7,2024-05-31,T002,B005,12,84,523,607,3.5,24.5,0.6351014608373913,332.16,356.66,250.33999999999997,41.24,2018-05-03,0,Profitable
H00212,C005,CT0034,2024-06-01,106,2024-09-15,T002,B005,12,1272,565,1837,3.5,371.0,0.7515489702509477,424.63,869.63,967.37,52.66,2018-05-03,74,Profitable
H00388,C009,CT0034,2024-11-13,66,2025-01-18,T002,B005,12,792,253,1045,3.5,231.0,0.6873959141805359,173.91,737.91,307.09000000000003,29.39,2018-05-03,333,Profitable
H00202,C001,CT0035,2024-03-22,99,2024-06-29,T002,B002,12,1188,363,1551,3.5,346.5,0.5717948669579578,207.56,554.06,996.94,64.28,2019-02-05,0,Profitable
H00041,C005,CT0035,2024-06-30,43,2024-08-12,T002,B002,12,516,536,1052,3.5,150.5,0.5828373520362267,312.4,462.9,589.1,56.0,2019-02-05,0,Profitable
H00027,C006,CT0035,2024-08-13,119,2024-12-10,T002,B002,12,1428,430,1858,3.5,416.5,0.644228541184093,277.02,693.52,1164.48,62.67,2019-02-05,0,Profitable
H00054,C010,CT0035,2025-04-21,84,2025-07-14,T002,B002,12,1008,161,1169,3.5,294.0,0.6572217197152597,105.81,399.81,769.19,65.8,2019-02-05,0,Profitable
H00460,C007,CT0035,2025-10-04,39,2025-11-12,T002,B002,12,468,335,803,3.5,136.5,0.7930063141241478,265.66,588.1600000000001,214.83999999999992,26.75,2019-02-05,186,Profitable
H00308,C002,CT0035,2025-11-16,74,2026-01-29,T002,B002,12,888,362,1250,3.5,259.0,0.6661083090563857,241.13,500.13,749.87,59.99,2019-02-05,0,Profitable
H00427,C009,CT0036,2024-02-28,86,2024-05-24,T001,B002,8,688,335,1023,2.5,215.0,0.606569777053558,203.2,418.2,604.8,59.12,2020-02-06,0,Profitable
H00332,C004,CT0036,2024-05-25,87,2024-08-20,T001,B002,8,696,387,1083,2.5,217.5,0.7768450411782117,300.64,705.14,377.86,34.89,2020-02-06,187,Profitable
H00136,C004,CT0036,2024-08-21,47,2024-10-07,T001,B002,8,376,287,663,2.5,117.5,0.6629242048079207,190.26,307.76,355.24,53.58,2020-02-06,0,Profitable
H00420,C010,CT0036,2024-10-14,42,2024-11-25,T001,B002,8,336,549,885,2.5,105.0,0.6468481464171649,355.12,746.12,138.88,15.69,2020-02-06,286,Profitable
H00137,C003,CT0036,2024-11-27,95,2025-03-02,T001,B002,8,760,463,1223,2.5,237.5,0.6493453476213291,300.65,538.15,684.85,56.0,2020-02-06,0,Profitable
H00182,C004,CT0036,2025-03-03,50,2025-04-22,T001,B002,8,400,542,942,2.5,125.0,0.5573410397755981,302.08,427.08,514.9200000000001,54.66,2020-02-06,0,Profitable
H00439,C008,CT0036,2025-04-23,9,2025-05-02,T001,B002,8,72,459,531,2.5,22.5,0.677920346645378,311.17,333.67,197.32999999999998,37.16,2020-02-06,0,Profitable
H00101,C005,CT0036,2025-05-03,36,2025-06-08,T001,B002,8,288,252,540,2.5,90.0,0.5852399068804424,147.48,237.48,302.52,56.02,2020-02-06,0,Profitable
H00379,C001,CT0037,2024-01-09,79,2024-03-28,T004,B001,30,2370,335,2705,9.0,711.0,0.7573968892163127,253.73,964.73,1740.27,64.34,2018-10-21,0,Profitable
H00348,C004,CT0037,2024-03-28,8,2024-04-05,T004,B001,30,240,178,418,9.0,72.0,0.6657129887539627,118.5,190.5,227.5,54.43,2018-10-21,0,Profitable
H00056,C003,CT0037,2024-09-01,112,2024-12-22,T004,B001,30,3360,277,3637,9.0,1008.0,0.6170347550238784,170.92,1372.92,2264.08,62.25,2018-10-21,194,Profitable
H00390,C006,CT0037,2024-12-23,66,2025-02-27,T004,B001,30,1980,469,2449,9.0,594.0,0.6510599324110523,305.35,899.35,1549.65,63.28,2018-10-21,0,Profitable
H00165,C008,CT0037,2025-02-28,95,2025-06-03,T004,B001,30,2850,231,3081,9.0,855.0,0.7496483180956879,173.17,1028.17,2052.83,66.63,2018-10-21,0,Profitable
H00316,C009,CT0037,2025-07-11,95,2025-10-14,T004,B001,30,2850,271,3121,9.0,855.0,0.7099013902944205,192.38,1047.38,2073.62,66.44,2018-10-21,0,Profitable
H00026,C005,CT0038,2024-05-16,55,2024-07-10,T001,B004,8,440,599,1039,2.5,137.5,0.6063853324814332,363.22,500.72,538.28,51.81,2024-05-16,0,Profitable
H00103,C004,CT0038,2024-07-11,88,2024-10-07,T001,B004,8,704,422,1126,2.5,220.0,0.6040226132963269,254.9,767.9,358.1,31.8,2024-05-16,293,Profitable
H00271,C006,CT0038,2024-10-08,77,2024-12-24,T001,B004,8,616,318,934,2.5,192.5,0.6158289459383001,195.83,388.33000000000004,545.67,58.42,2024-05-16,0,Profitable
H00145,C004,CT0038,2024-12-25,74,2025-03-09,T001,B004,8,592,362,954,2.5,185.0,0.619110422645849,224.12,409.12,544.88,57.12,2024-05-16,0,Profitable
H00207,C005,CT0038,2025-03-10,104,2025-06-22,T001,B004,8,832,593,1425,2.5,260.0,0.5978151044786467,354.5,934.5,490.5,34.42,2024-05-16,320,Profitable
H00073,C005,CT0038,2025-06-23,29,2025-07-22,T001,B004,8,232,300,532,2.5,72.5,0.7469282538819272,224.08,296.58000000000004,235.41999999999996,44.25,2024-05-16,0,Profitable
H00116,C007,CT0038,2025-07-23,39,2025-08-31,T001,B004,8,312,265,577,2.5,97.5,0.7680339250056192,203.53,443.03,133.97000000000003,23.22,2024-05-16,142,Profitable
H00349,C008,CT0038,2025-09-01,70,2025-11-10,T001,B004,8,560,362,922,2.5,175.0,0.659634622134359,238.79,413.78999999999996,508.21000000000004,55.12,2024-05-16,0,Profitable
H00387,C010,CT0038,2025-11-20,55,2026-01-14,T001,B004,8,440,537,977,2.5,137.5,0.6990803797150922,375.41,512.9100000000001,464.0899999999999,47.5,2024-05-16,0,Profitable
H00429,C004,CT0039,2024-02-04,68,2024-04-12,T001,B001,8,544,260,804,2.5,170.0,0.662530840295483,172.26,342.26,461.74,57.43,2018-07-17,0,Profitable
H00459,C006,CT0039,2024-09-24,38,2024-11-01,T001,B001,8,304,485,789,2.5,95.0,0.591839933284657,287.04,382.04,406.96,51.58,2018-07-17,0,Profitable
H00086,C008,CT0039,2024-11-14,7,2024-11-21,T001,B001,8,56,232,288,2.5,17.5,0.7300020099157783,169.36,186.86,101.13999999999999,35.12,2018-07-17,0,Profitable
H00069,C003,CT0039,2025-03-04,62,2025-05-05,T001,B001,8,496,192,688,2.5,155.0,0.5819970521333966,111.74,266.74,421.26,61.23,2018-07-17,0,Profitable
H00190,C003,CT0040,2024-01-07,80,2024-03-27,T003,B004,22,1760,159,1919,7.0,560.0,0.5776871113297396,91.85,651.85,1267.15,66.03,2023-04-15,0,Profitable
H00368,C002,CT0040,2024-07-12,48,2024-08-29,T003,B004,22,1056,562,1618,7.0,336.0,0.770564639023712,433.06,769.06,848.94,52.47,2023-04-15,0,Profitable
H00043,C004,CT0040,2024-11-06,32,2024-12-08,T003,B004,22,704,539,1243,7.0,224.0,0.7806557645219474,420.77,644.77,598.23,48.13,2023-04-15,0,Profitable
H00173,C006,CT0040,2024-12-09,25,2025-01-03,T003,B004,22,550,191,741,7.0,175.0,0.5806084745897353,110.9,373.9,367.1,49.54,2023-04-15,88,Profitable
H00425,C006,CT0040,2025-01-04,53,2025-02-26,T003,B004,22,1166,360,1526,7.0,371.0,0.7654356237295739,275.56,646.56,879.44,57.63,2023-04-15,0,Profitable
H00015,C001,CT0040,2025-02-27,7,2025-03-06,T003,B004,22,154,554,708,7.0,49.0,0.6913874912303601,383.03,432.03,275.97,38.98,2023-04-15,0,Profitable
H00401,C006,CT0040,2025-03-07,50,2025-04-26,T003,B004,22,1100,574,1674,7.0,350.0,0.5885803913207699,337.85,847.85,826.15,49.35,2023-04-15,160,Profitable
H00262,C008,CT0040,2025-04-26,100,2025-08-04,T003,B004,22,2200,599,2799,7.0,700.0,0.7053361243133824,422.5,1122.5,1676.5,59.9,2023-04-15,0,Profitable
H00451,C006,CT0040,2025-08-05,36,2025-09-10,T003,B004,22,792,268,1060,7.0,252.0,0.6989972105458705,187.33,439.33000000000004,620.67,58.55,2023-04-15,0,Profitable
H00067,C008,CT0040,2025-11-19,45,2026-01-03,T003,B004,22,990,309,1299,7.0,315.0,0.7331121829595225,226.53,815.53,483.47,37.22,2023-04-15,274,Profitable
H00174,C003,CT0041,2025-08-31,66,2025-11-05,T003,B002,22,1452,170,1622,7.0,462.0,0.7312963870068477,124.32,586.3199999999999,1035.68,63.85,2025-08-31,0,Profitable
H00201,C009,CT0041,2025-11-06,34,2025-12-10,T003,B002,22,748,592,1340,7.0,238.0,0.5782358021027935,342.32,580.3199999999999,759.6800000000001,56.69,2025-08-31,0,Profitable
H00386,C009,CT0041,2025-12-11,19,2025-12-30,T003,B002,22,418,598,1016,7.0,133.0,0.5730711980183143,342.7,475.7,540.3,53.18,2025-08-31,0,Profitable
H00457,C005,CT0042,2024-09-02,78,2024-11-19,T003,B001,22,1716,365,2081,7.0,546.0,0.689922111209485,251.82,1142.82,938.1800000000001,45.08,2024-01-01,345,Profitable
H00064,C002,CT0042,2024-12-05,56,2025-01-30,T003,B001,22,1232,465,1697,7.0,392.0,0.7429644315454054,345.48,989.48,707.52,41.69,2024-01-01,252,Profitable
H00384,C001,CT0042,2025-07-06,109,2025-10-23,T003,B001,22,2398,410,2808,7.0,763.0,0.7500887197558517,307.54,1070.54,1737.46,61.88,2024-01-01,0,Profitable
H00094,C004,CT0042,2025-10-24,53,2025-12-16,T003,B001,22,1166,412,1578,7.0,371.0,0.6856364508488557,282.48,653.48,924.52,58.59,2024-01-01,0,Profitable
H00456,C006,CT0043,2024-07-04,88,2024-09-30,T002,B005,12,1056,152,1208,3.5,308.0,0.6950553796962574,105.65,413.65,794.35,65.76,2019-09-01,0,Profitable
H00160,C010,CT0043,2024-10-01,81,2024-12-21,T002,B005,12,972,345,1317,3.5,283.5,0.5583459004465954,192.63,476.13,840.87,63.85,2019-09-01,0,Profitable
H00215,C003,CT0043,2024-12-25,54,2025-02-17,T002,B005,12,648,236,884,3.5,189.0,0.5577788999793395,131.64,700.64,183.36,20.74,2019-09-01,380,Profitable
H00139,C005,CT0043,2025-06-04,19,2025-06-23,T002,B005,12,228,572,800,3.5,66.5,0.660268039562696,377.67,444.17,355.83,44.48,2019-09-01,0,Profitable
H00354,C002,CT0044,2025-04-07,73,2025-06-19,T004,B003,30,2190,556,2746,9.0,657.0,0.7541705438626796,419.32,1076.32,1669.68,60.8,2021-02-21,0,Profitable
H00012,C007,CT0044,2025-06-20,14,2025-07-04,T004,B003,30,420,163,583,9.0,126.0,0.7349965966714029,119.8,245.8,337.2,57.84,2021-02-21,0,Profitable
H00462,C008,CT0044,2025-07-05,82,2025-09-25,T004,B003,30,2460,537,2997,9.0,738.0,0.7943630294975921,426.57,1164.57,1832.43,61.14,2021-02-21,0,Profitable
H00468,C008,CT0044,2025-09-26,29,2025-10-25,T004,B003,30,870,231,1101,9.0,261.0,0.6535375560820568,150.97,411.97,689.03,62.58,2021-02-21,0,Profitable
H00258,C008,CT0045,2024-03-19,83,2024-06-10,T004,B004,30,2490,405,2895,9.0,747.0,0.7565097629166431,306.39,1053.3899999999999,1841.6100000000001,63.61,2018-07-06,0,Profitable
H00407,C008,CT0045,2024-06-11,93,2024-09-12,T004,B004,30,2790,383,3173,9.0,837.0,0.7978158066834083,305.56,1229.56,1943.44,61.25,2018-07-06,87,Profitable
H00132,C009,CT0045,2024-11-18,76,2025-02-02,T004,B004,30,2280,395,2675,9.0,684.0,0.620607724671628,245.14,929.14,1745.8600000000001,65.27,2018-07-06,0,Profitable
H00413,C010,CT0046,2024-11-16,104,2025-02-28,T004,B003,30,3120,163,3283,9.0,936.0,0.6498421870986728,105.92,1041.92,2241.08,68.26,2024-11-16,0,Profitable
H00151,C010,CT0046,2025-08-24,25,2025-09-18,T004,B003,30,750,337,1087,9.0,225.0,0.6619007350800543,223.06,448.06,638.94,58.78,2024-11-16,0,Profitable
H00179,C001,CT0046,2025-11-11,102,2026-02-21,T004,B003,30,3060,341,3401,9.0,918.0,0.5824566122379294,198.62,1116.62,2284.38,67.17,2024-11-16,0,Profitable
H00313,C001,CT0046,2026-02-22,66,2026-04-29,T004,B003,30,1980,262,2242,9.0,594.0,0.7870270800428606,206.2,800.2,1441.8,64.31,2024-11-16,0,Profitable
H00193,C002,CT0047,2024-01-31,15,2024-02-15,T004,B003,30,450,593,1043,9.0,135.0,0.7753240026936623,459.77,594.77,448.23,42.98,2022-11-30,0,Profitable
H00119,C007,CT0047,2024-03-02,37,2024-04-08,T004,B003,30,1110,405,1515,9.0,333.0,0.7385269200790411,299.1,1002.1,512.9,33.85,2022-11-30,370,Profitable
H00149,C007,CT0047,2024-09-07,10,2024-09-17,T004,B003,30,300,309,609,9.0,90.0,0.7742394826058836,239.24,329.24,279.76,45.94,2022-11-30,0,Profitable
H00476,C006,CT0047,2024-11-13,79,2025-01-31,T004,B003,30,2370,515,2885,9.0,711.0,0.6437008919454491,331.51,1042.51,1842.49,63.86,2022-11-30,0,Profitable
H00498,C010,CT0047,2025-02-01,55,2025-03-28,T004,B003,30,1650,265,1915,9.0,495.0,0.7193468303796793,190.63,685.63,1229.37,64.2,2022-11-30,0,Profitable
H00267,C001,CT0047,2025-03-29,80,2025-06-17,T004,B003,30,2400,531,2931,9.0,720.0,0.6624605519931399,351.77,1071.77,1859.23,63.43,2022-11-30,0,Profitable
H00338,C010,CT0047,2025-08-29,98,2025-12-05,T004,B003,30,2940,405,3345,9.0,882.0,0.667435940747671,270.31,1152.31,2192.69,65.55,2022-11-30,0,Profitable
H00129,C003,CT0047,2025-12-06,72,2026-02-16,T004,B003,30,2160,211,2371,9.0,648.0,0.6881284036956814,145.2,915.2,1455.8,61.4,2022-11-30,122,Profitable
H00322,C003,CT0048,2024-08-23,61,2024-10-23,T003,B001,22,1342,382,1724,7.0,427.0,0.615668910649663,235.19,662.19,1061.81,61.59,2019-10-22,0,Profitable
H00030,C010,CT0049,2025-09-12,34,2025-10-16,T002,B003,12,408,438,846,3.5,119.0,0.6587950998138392,288.55,407.55,438.45,51.83,2025-09-12,0,Profitable
H00226,C003,CT0049,2025-10-17,86,2026-01-11,T002,B003,12,1032,301,1333,3.5,301.0,0.6350950231666688,191.16,836.16,496.84000000000003,37.27,2025-09-12,344,Profitable
H00233,C005,CT0049,2026-01-12,21,2026-02-02,T002,B003,12,252,564,816,3.5,73.5,0.7398121832652107,417.25,490.75,325.25,39.86,2025-09-12,0,Profitable
H00237,C010,CT0049,2026-02-03,92,2026-05-06,T002,B003,12,1104,585,1689,3.5,322.0,0.5647734725195633,330.39,652.39,1036.6100000000001,61.37,2025-09-12,0,Profitable
H00243,C004,CT0049,2026-05-07,58,2026-07-04,T002,B003,12,696,591,1287,3.5,203.0,0.647439846856623,382.64,671.64,615.36,47.81,2025-09-12,86,Profitable
H00470,C004,CT0049,2026-07-05,115,2026-10-28,T002,B003,12,1380,308,1688,3.5,402.5,0.6283015652675435,193.52,596.02,1091.98,64.69,2025-09-12,0,Profitable
H00257,C010,CT0049,2026-10-29,55,2026-12-23,T002,B003,12,660,285,945,3.5,192.5,0.7931940807230216,226.06,418.56,526.44,55.71,2025-09-12,0,Profitable
H00034,C009,CT0050,2025-05-30,114,2025-09-21,T002,B005,12,1368,470,1838,3.5,399.0,0.5624605069457355,264.36,663.36,1174.6399999999999,63.91,2023-05-10,0,Profitable
H00290,C005,CT0050,2025-09-22,28,2025-10-20,T002,B005,12,336,437,773,3.5,98.0,0.6572956483490893,287.24,385.24,387.76,50.16,2023-05-10,0,Profitable
H00007,C007,CT0050,2025-10-21,100,2026-01-29,T002,B005,12,1200,283,1483,3.5,350.0,0.6740415960283049,190.75,540.75,942.25,63.54,2023-05-10,0,Profitable
H00092,C009,CT0051,2024-09-16,117,2025-01-11,T003,B003,22,2574,339,2913,7.0,819.0,0.6068523739653447,205.72,1024.72,1888.28,64.82,2024-09-16,0,Profitable
H00272,C001,CT0051,2025-01-12,69,2025-03-22,T003,B003,22,1518,366,1884,7.0,483.0,0.5615308910839335,205.52,688.52,1195.48,63.45,2024-09-16,0,Profitable
H00170,C002,CT0051,2025-03-23,77,2025-06-08,T003,B003,22,1694,585,2279,7.0,539.0,0.6299167081101362,368.5,907.5,1371.5,60.18,2024-09-16,0,Profitable
H00087,C010,CT0051,2025-06-09,14,2025-06-23,T003,B003,22,308,542,850,7.0,98.0,0.6544974834676212,354.74,452.74,397.26,46.74,2024-09-16,0,Profitable
H00418,C007,CT0051,2025-06-24,50,2025-08-13,T003,B003,22,1100,169,1269,7.0,350.0,0.7541808006396362,127.46,477.46,791.54,62.38,2024-09-16,0,Profitable
H00085,C010,CT0051,2025-08-14,91,2025-11-13,T003,B003,22,2002,205,2207,7.0,637.0,0.555508790074376,113.88,750.88,1456.12,65.98,2024-09-16,0,Profitable
H00463,C007,CT0051,2025-11-14,44,2025-12-28,T003,B003,22,968,525,1493,7.0,308.0,0.6829781766310659,358.56,666.56,826.44,55.35,2024-09-16,0,Profitable
H00303,C002,CT0051,2025-12-29,86,2026-03-25,T003,B003,22,1892,483,2375,7.0,602.0,0.7889561209301881,381.07,983.0699999999999,1391.93,58.61,2024-09-16,0,Profitable
H00072,C003,CT0051,2026-03-26,56,2026-05-21,T003,B003,22,1232,209,1441,7.0,392.0,0.7569670938305433,158.21,550.21,890.79,61.82,2024-09-16,0,Profitable
H00250,C003,CT0051,2026-05-22,14,2026-06-05,T003,B003,22,308,287,595,7.0,98.0,0.6697675157758378,192.22,290.22,304.78,51.22,2024-09-16,0,Profitable
H00217,C004,CT0051,2026-06-06,76,2026-08-21,T003,B003,22,1672,157,1829,7.0,532.0,0.5765859315639437,90.52,622.52,1206.48,65.96,2024-09-16,0,Profitable
H00122,C003,CT0052,2024-01-03,59,2024-03-02,T002,B001,12,708,241,949,3.5,206.5,0.7149073415986856,172.29,378.78999999999996,570.21,60.09,2021-10-01,0,Profitable
H00198,C007,CT0052,2024-12-28,54,2025-02-20,T002,B001,12,648,396,1044,3.5,189.0,0.7699554784879239,304.9,560.9,483.1,46.27,2021-10-01,67,Profitable
H00222,C001,CT0052,2025-04-11,115,2025-08-04,T002,B001,12,1380,534,1914,3.5,402.5,0.7138206024229146,381.18,783.6800000000001,1130.32,59.06,2021-10-01,0,Profitable
H00084,C001,CT0053,2025-01-14,120,2025-05-14,T003,B005,22,2640,564,3204,7.0,840.0,0.5957538610586819,336.01,1176.01,2027.99,63.3,2023-06-10,0,Profitable
H00195,C004,CT0053,2025-05-15,91,2025-08-14,T003,B005,22,2002,426,2428,7.0,637.0,0.6285151987481831,267.75,904.75,1523.25,62.74,2023-06-10,0,Profitable
H00353,C005,CT0053,2025-11-02,24,2025-11-26,T003,B005,22,528,244,772,7.0,168.0,0.6194555181954337,151.15,319.15,452.85,58.66,2023-06-10,0,Profitable
H00419,C005,CT0053,2025-11-27,64,2026-01-30,T003,B005,22,1408,224,1632,7.0,448.0,0.5668461386963807,126.97,574.97,1057.03,64.77,2023-06-10,0,Profitable
H00404,C008,CT0053,2026-01-31,92,2026-05-03,T003,B005,22,2024,542,2566,7.0,644.0,0.7352453125686447,398.5,1296.5,1269.5,49.47,2023-06-10,254,Profitable
H00431,C004,CT0054,2024-04-02,61,2024-06-02,T004,B002,30,1830,281,2111,9.0,549.0,0.7398377564381533,207.89,756.89,1354.1100000000001,64.15,2022-03-15,0,Profitable
H00188,C010,CT0054,2025-02-25,116,2025-06-21,T004,B002,30,3480,178,3658,9.0,1044.0,0.6241224453208288,111.09,1155.09,2502.91,68.42,2022-03-15,0,Profitable
H00301,C001,CT0054,2025-06-22,78,2025-09-08,T004,B002,30,2340,302,2642,9.0,702.0,0.7671378765800723,231.68,933.6800000000001,1708.32,64.66,2022-03-15,0,Profitable
H00218,C009,CT0054,2025-09-09,52,2025-10-31,T004,B002,30,1560,482,2042,9.0,468.0,0.628729897153242,303.05,771.05,1270.95,62.24,2022-03-15,0,Profitable
H00317,C001,CT0054,2025-11-01,24,2025-11-25,T004,B002,30,720,181,901,9.0,216.0,0.7191065905845981,130.16,346.15999999999997,554.84,61.58,2022-03-15,0,Profitable
H00416,C003,CT0054,2025-11-26,14,2025-12-10,T004,B002,30,420,586,1006,9.0,126.0,0.6040128412529219,353.95,479.95,526.05,52.29,2022-03-15,0,Profitable
H00183,C004,CT0054,2025-12-11,108,2026-03-29,T004,B002,30,3240,574,3814,9.0,972.0,0.7557396115553716,433.79,1405.79,2408.21,63.14,2022-03-15,0,Profitable
H00107,C008,CT0055,2024-09-15,53,2024-11-07,T003,B003,22,1166,457,1623,7.0,371.0,0.7373209281739441,336.96,707.96,915.04,56.38,2018-05-27,0,Profitable
H00321,C002,CT0055,2024-11-08,103,2025-02-19,T003,B003,22,2266,417,2683,7.0,721.0,0.7926915516186958,330.55,1051.55,1631.45,60.81,2018-05-27,0,Profitable
H00433,C003,CT0055,2025-02-20,18,2025-03-10,T003,B003,22,396,543,939,7.0,126.0,0.7724130082543916,419.42,545.4200000000001,393.5799999999999,41.91,2018-05-27,0,Profitable
H00287,C007,CT0055,2025-03-11,112,2025-07-01,T003,B003,22,2464,309,2773,7.0,784.0,0.6828291301420149,210.99,994.99,1778.01,64.12,2018-05-27,0,Profitable
H00278,C005,CT0055,2025-07-02,62,2025-09-02,T003,B003,22,1364,415,1779,7.0,434.0,0.7325615367725365,304.01,738.01,1040.99,58.52,2018-05-27,0,Profitable
H00475,C004,CT0055,2025-09-03,97,2025-12-09,T003,B003,22,2134,468,2602,7.0,679.0,0.6425992465688266,300.74,979.74,1622.26,62.35,2018-05-27,0,Profitable
H00189,C010,CT0055,2025-12-10,84,2026-03-04,T003,B003,22,1848,246,2094,7.0,588.0,0.7795519999056939,191.77,779.77,1314.23,62.76,2018-05-27,0,Profitable
H00123,C009,CT0056,2025-12-21,54,2026-02-13,T004,B001,30,1620,163,1783,9.0,486.0,0.5904049528214679,96.24,582.24,1200.76,67.34,2025-12-21,0,Profitable
H00251,C006,CT0056,2026-02-14,22,2026-03-08,T004,B001,30,660,187,847,9.0,198.0,0.5545000222363038,103.69,301.69,545.31,64.38,2025-12-21,0,Profitable
H00437,C006,CT0056,2026-03-09,14,2026-03-23,T004,B001,30,420,442,862,9.0,126.0,0.6482435563363229,286.52,412.52,449.48,52.14,2025-12-21,0,Profitable
H00397,C001,CT0057,2024-07-26,108,2024-11-11,T004,B002,30,3240,380,3620,9.0,972.0,0.6996731005797744,265.88,1237.88,2382.12,65.8,2022-10-01,0,Profitable
H00104,C010,CT0057,2024-11-12,23,2024-12-05,T004,B002,30,690,250,940,9.0,207.0,0.574390627559825,143.6,350.6,589.4,62.7,2022-10-01,0,Profitable
H00295,C005,CT0057,2024-12-06,32,2025-01-07,T004,B002,30,960,159,1119,9.0,288.0,0.6130768124598517,97.48,782.48,336.52,30.07,2022-10-01,397,Profitable
H00474,C004,CT0057,2025-01-08,8,2025-01-16,T004,B002,30,240,454,694,9.0,72.0,0.7588700590955819,344.53,416.53,277.47,39.98,2022-10-01,0,Profitable
H00185,C003,CT0057,2025-01-17,17,2025-02-03,T004,B002,30,510,279,789,9.0,153.0,0.6447567815547743,179.89,332.89,456.11,57.81,2022-10-01,0,Profitable
H00199,C001,CT0057,2025-03-12,72,2025-05-23,T004,B002,30,2160,439,2599,9.0,648.0,0.6813587281364233,299.12,947.12,1651.88,63.56,2022-10-01,0,Profitable
H00375,C010,CT0058,2025-03-03,107,2025-06-18,T001,B002,8,856,378,1234,2.5,267.5,0.7303483627765721,276.07,543.5699999999999,690.4300000000001,55.95,2023-01-18,0,Profitable
H00216,C003,CT0059,2024-08-10,93,2024-11-11,T003,B004,22,2046,250,2296,7.0,651.0,0.7348236837911933,183.71,834.71,1461.29,63.65,2019-05-04,0,Profitable
H00361,C004,CT0059,2024-11-12,30,2024-12-12,T003,B004,22,660,502,1162,7.0,210.0,0.7188550518867723,360.87,570.87,591.13,50.87,2019-05-04,0,Profitable
H00469,C005,CT0059,2024-12-13,120,2025-04-12,T003,B004,22,2640,552,3192,7.0,840.0,0.6488585669982286,358.17,1538.17,1653.83,51.81,2019-05-04,340,Profitable
H00495,C004,CT0059,2025-04-13,112,2025-08-03,T003,B004,22,2464,332,2796,7.0,784.0,0.727253431071758,241.45,1025.45,1770.55,63.32,2019-05-04,0,Profitable
H00299,C004,CT0059,2025-08-06,94,2025-11-08,T003,B004,22,2068,551,2619,7.0,658.0,0.6813099393800401,375.4,1033.4,1585.6,60.54,2019-05-04,0,Profitable
H00428,C001,CT0059,2025-11-09,112,2026-03-01,T003,B004,22,2464,281,2745,7.0,784.0,0.6460599050343454,181.54,965.54,1779.46,64.83,2019-05-04,0,Profitable
H00052,C002,CT0060,2024-02-08,119,2024-06-06,T001,B005,8,952,322,1274,2.5,297.5,0.793708663195278,255.57,553.0699999999999,720.9300000000001,56.59,2023-05-14,0,Profitable
H00159,C009,CT0060,2024-10-27,115,2025-02-19,T001,B005,8,920,431,1351,2.5,287.5,0.6995281573422545,301.5,589.0,762.0,56.4,2023-05-14,0,Profitable
H00334,C006,CT0060,2025-02-20,54,2025-04-15,T001,B005,8,432,300,732,2.5,135.0,0.6674104436701773,200.22,696.22,35.77999999999997,4.89,2023-05-14,361,Profitable
H00046,C007,CT0060,2025-04-16,41,2025-05-27,T001,B005,8,328,266,594,2.5,102.5,0.6206864223946905,165.1,267.6,326.4,54.95,2023-05-14,0,Profitable
H00033,C006,CT0060,2025-05-28,12,2025-06-09,T001,B005,8,96,419,515,2.5,30.0,0.7077926614891766,296.57,326.57,188.43,36.59,2023-05-14,0,Profitable
H00242,C009,CT0061,2024-01-22,118,2024-05-19,T003,B003,22,2596,200,2796,7.0,826.0,0.5922702675889981,118.45,944.45,1851.55,66.22,2022-07-22,0,Profitable
H00471,C008,CT0061,2024-11-29,72,2025-02-09,T003,B003,22,1584,337,1921,7.0,504.0,0.5867654626416472,197.74,701.74,1219.26,63.47,2022-07-22,0,Profitable
H00455,C005,CT0061,2025-02-10,28,2025-03-10,T003,B003,22,616,163,779,7.0,196.0,0.760430840436169,123.95,319.95,459.05,58.93,2022-07-22,0,Profitable
H00061,C004,CT0062,2025-02-11,49,2025-04-01,T003,B001,22,1078,483,1561,7.0,343.0,0.6904982118667018,333.51,676.51,884.49,56.66,2025-02-11,0,Profitable
H00412,C002,CT0062,2025-04-02,41,2025-05-13,T003,B001,22,902,358,1260,7.0,287.0,0.5710980951361356,204.45,491.45,768.55,61.0,2025-02-11,0,Profitable
H00478,C001,CT0062,2025-05-14,81,2025-08-03,T003,B001,22,1782,555,2337,7.0,567.0,0.661031928291438,366.87,933.87,1403.13,60.04,2025-02-11,0,Profitable
H00253,C003,CT0062,2025-08-04,42,2025-09-15,T003,B001,22,924,517,1441,7.0,294.0,0.556793754022711,287.86,581.86,859.14,59.62,2025-02-11,0,Profitable
H00032,C005,CT0062,2025-09-16,85,2025-12-10,T003,B001,22,1870,244,2114,7.0,595.0,0.7265047519160062,177.27,772.27,1341.73,63.47,2025-02-11,0,Profitable
H00155,C005,CT0062,2025-12-11,19,2025-12-30,T003,B001,22,418,457,875,7.0,133.0,0.6407751841585027,292.83,785.8299999999999,89.17000000000007,10.19,2025-02-11,360,Profitable
H00444,C009,CT0062,2025-12-31,98,2026-04-08,T003,B001,22,2156,579,2735,7.0,686.0,0.7866611084983866,455.48,1141.48,1593.52,58.26,2025-02-11,0,Profitable
H00273,C001,CT0063,2024-07-13,62,2024-09-13,T001,B004,8,496,527,1023,2.5,155.0,0.6917926949798464,364.57,519.5699999999999,503.43000000000006,49.21,2024-07-13,0,Profitable
H00203,C009,CT0063,2024-12-21,32,2025-01-22,T001,B004,8,256,349,605,2.5,80.0,0.729769361838464,254.69,334.69,270.31,44.68,2024-07-13,0,Profitable
H00241,C005,CT0063,2025-02-04,74,2025-04-19,T001,B004,8,592,177,769,2.5,185.0,0.5500470998891456,97.36,282.36,486.64,63.28,2024-07-13,0,Profitable
H00228,C009,CT0063,2025-04-20,21,2025-05-11,T001,B004,8,168,282,450,2.5,52.5,0.603882467197833,170.29,222.79,227.21,50.49,2024-07-13,0,Profitable
H00019,C002,CT0063,2025-09-06,34,2025-10-10,T001,B004,8,272,279,551,2.5,85.0,0.6964525364929756,194.31,279.31,271.69,49.31,2024-07-13,0,Profitable
H00076,C001,CT0063,2025-10-26,90,2026-01-24,T001,B004,8,720,567,1287,2.5,225.0,0.7948877100954392,450.7,1038.7,248.29999999999995,19.29,2024-07-13,363,Profitable
H00187,C007,CT0063,2026-01-25,78,2026-04-13,T001,B004,8,624,197,821,2.5,195.0,0.6342101254652759,124.94,319.94,501.06,61.03,2024-07-13,0,Profitable
H00044,C001,CT0064,2025-12-29,35,2026-02-02,T001,B005,8,280,174,454,2.5,87.5,0.6680151085492496,116.23,203.73000000000002,250.26999999999998,55.13,2025-12-29,0,Profitable
H00047,C010,CT0064,2026-02-03,76,2026-04-20,T001,B005,8,608,541,1149,2.5,190.0,0.5611487270932405,303.58,493.58,655.4200000000001,57.04,2025-12-29,0,Profitable
H00095,C010,CT0064,2026-04-21,40,2026-05-31,T001,B005,8,320,229,549,2.5,100.0,0.7479249971133379,171.27,271.27,277.73,50.59,2025-12-29,0,Profitable
H00414,C006,CT0064,2026-06-01,93,2026-09-02,T001,B005,8,744,270,1014,2.5,232.5,0.7775336591955336,209.93,808.4300000000001,205.56999999999994,20.27,2025-12-29,366,Profitable
H00018,C001,CT0065,2025-05-04,90,2025-08-02,T003,B004,22,1980,496,2476,7.0,630.0,0.7250629898611303,359.63,989.63,1486.37,60.03,2019-10-03,0,Profitable
H00294,C001,CT0065,2025-08-03,15,2025-08-18,T003,B004,22,330,160,490,7.0,105.0,0.7147062675350176,114.35,219.35,270.65,55.23,2019-10-03,0,Profitable
H00417,C009,CT0065,2025-09-22,28,2025-10-20,T003,B004,22,616,526,1142,7.0,196.0,0.666651946174304,350.66,546.6600000000001,595.3399999999999,52.13,2019-10-03,0,Profitable
H00369,C010,CT0066,2024-06-14,38,2024-07-22,T002,B005,12,456,179,635,3.5,133.0,0.717735751185627,128.47,261.47,373.53,58.82,2022-12-08,0,Profitable
H00082,C003,CT0066,2024-07-23,112,2024-11-12,T002,B005,12,1344,327,1671,3.5,392.0,0.7867589969346808,257.27,649.27,1021.73,61.14,2022-12-08,0,Profitable
H00448,C010,CT0066,2024-11-13,110,2025-03-03,T002,B005,12,1320,578,1898,3.5,385.0,0.5516775975760151,318.87,703.87,1194.13,62.92,2022-12-08,0,Profitable
H00268,C005,CT0066,2025-05-03,45,2025-06-17,T002,B005,12,540,473,1013,3.5,157.5,0.6046107957208269,285.98,443.48,569.52,56.22,2022-12-08,0,Profitable
H00111,C004,CT0066,2025-11-19,97,2026-02-24,T002,B005,12,1164,273,1437,3.5,339.5,0.6389933434487132,174.45,513.95,923.05,64.23,2022-12-08,0,Profitable
H00090,C002,CT0067,2024-11-25,108,2025-03-13,T004,B005,30,3240,478,3718,9.0,972.0,0.6862763820651749,328.04,1436.04,2281.96,61.38,2024-11-25,136,Profitable
H00343,C010,CT0067,2025-03-14,79,2025-06-01,T004,B005,30,2370,171,2541,9.0,711.0,0.7635339994126261,130.56,841.56,1699.44,66.88,2024-11-25,0,Profitable
H00296,C009,CT0067,2025-06-02,15,2025-06-17,T004,B005,30,450,420,870,9.0,135.0,0.6050563253443288,254.12,751.12,118.88,13.66,2024-11-25,362,Profitable
H00302,C008,CT0067,2025-10-18,30,2025-11-17,T004,B005,30,900,464,1364,9.0,270.0,0.566171723378783,262.7,795.7,568.3,41.66,2024-11-25,263,Profitable
H00109,C001,CT0068,2024-02-23,119,2024-06-21,T001,B003,8,952,457,1409,2.5,297.5,0.7467425337294167,341.26,638.76,770.24,54.67,2023-05-24,0,Profitable
H00163,C006,CT0068,2024-06-22,60,2024-08-21,T001,B003,8,480,261,741,2.5,150.0,0.7550943768622433,197.08,347.08000000000004,393.91999999999996,53.16,2023-05-24,0,Profitable
H00130,C001,CT0068,2024-09-23,120,2025-01-21,T001,B003,8,960,368,1328,2.5,300.0,0.5735379775314245,211.06,511.06,816.94,61.52,2023-05-24,0,Profitable
H00315,C005,CT0068,2025-01-22,80,2025-04-12,T001,B003,8,640,554,1194,2.5,200.0,0.7472005659763399,413.95,613.95,580.05,48.58,2023-05-24,0,Profitable
H00436,C004,CT0069,2024-01-24,18,2024-02-11,T004,B005,30,540,303,843,9.0,162.0,0.5568550774931644,168.73,330.73,512.27,60.77,2024-01-08,0,Profitable
H00031,C003,CT0069,2024-02-12,117,2024-06-08,T004,B005,30,3510,313,3823,9.0,1053.0,0.7843383235539662,245.5,1298.5,2524.5,66.03,2024-01-08,0,Profitable
H00141,C003,CT0069,2024-06-09,83,2024-08-31,T004,B005,30,2490,214,2704,9.0,747.0,0.5966808239432604,127.69,874.69,1829.31,67.65,2024-01-08,0,Profitable
H00339,C003,CT0069,2024-09-01,77,2024-11-17,T004,B005,30,2310,235,2545,9.0,693.0,0.6618670353306145,155.54,848.54,1696.46,66.66,2024-01-08,0,Profitable
H00488,C006,CT0070,2024-06-11,41,2024-07-22,T002,B004,12,492,168,660,3.5,143.5,0.6694696120055607,112.47,255.97,404.03,61.22,2021-12-09,0,Profitable
H00088,C010,CT0070,2024-12-09,35,2025-01-13,T002,B004,12,420,248,668,3.5,122.5,0.5722100612718911,141.91,264.40999999999997,403.59000000000003,60.42,2021-12-09,0,Profitable
H00381,C009,CT0070,2025-01-14,103,2025-04-27,T002,B004,12,1236,221,1457,3.5,360.5,0.7678994318220577,169.71,530.21,926.79,63.61,2021-12-09,0,Profitable
H00223,C005,CT0070,2025-04-28,27,2025-05-25,T002,B004,12,324,258,582,3.5,94.5,0.7979356542919598,205.87,300.37,281.63,48.39,2021-12-09,0,Profitable
H00405,C002,CT0071,2024-01-14,76,2024-03-30,T002,B005,12,912,569,1481,3.5,266.0,0.6824978807316047,388.34,654.3399999999999,826.6600000000001,55.82,2022-06-23,0,Profitable
H00244,C006,CT0071,2024-04-29,116,2024-08-23,T002,B005,12,1392,410,1802,3.5,406.0,0.6448757258436797,264.4,670.4,1131.6,62.8,2022-06-23,0,Profitable
H00234,C008,CT0071,2024-08-24,74,2024-11-06,T002,B005,12,888,515,1403,3.5,259.0,0.7759019610866988,399.59,658.5899999999999,744.4100000000001,53.06,2022-06-23,0,Profitable
H00221,C001,CT0071,2024-11-21,49,2025-01-09,T002,B005,12,588,192,780,3.5,171.5,0.5917830028678054,113.62,285.12,494.88,63.45,2022-06-23,0,Profitable
H00068,C002,CT0072,2024-01-03,101,2024-04-13,T002,B003,12,1212,498,1710,3.5,353.5,0.687080145931606,342.17,695.6700000000001,1014.3299999999999,59.32,2018-09-20,0,Profitable
H00147,C007,CT0072,2024-04-14,108,2024-07-31,T002,B003,12,1296,487,1783,3.5,378.0,0.7106686644181059,346.1,724.1,1058.9,59.39,2018-09-20,0,Profitable
H00300,C001,CT0072,2024-08-01,48,2024-09-18,T002,B003,12,576,332,908,3.5,168.0,0.5581614193864172,185.31,353.31,554.69,61.09,2018-09-20,0,Profitable
H00489,C010,CT0072,2024-09-19,28,2024-10-17,T002,B003,12,336,581,917,3.5,98.0,0.683064382787244,396.86,494.86,422.14,46.03,2018-09-20,0,Profitable
H00049,C006,CT0072,2024-10-18,65,2024-12-22,T002,B003,12,780,174,954,3.5,227.5,0.618929963273888,107.69,335.19,618.81,64.86,2018-09-20,0,Profitable
H00093,C007,CT0072,2025-07-17,92,2025-10-17,T002,B003,12,1104,520,1624,3.5,322.0,0.6509944690816372,338.52,660.52,963.48,59.33,2018-09-20,0,Profitable
H00166,C010,CT0072,2025-10-18,91,2026-01-17,T002,B003,12,1092,381,1473,3.5,318.5,0.7919389692758473,301.73,620.23,852.77,57.89,2018-09-20,0,Profitable
H00449,C002,CT0073,2024-04-26,114,2024-08-18,T001,B003,8,912,169,1081,2.5,285.0,0.6464686257237791,109.25,581.25,499.75,46.23,2022-11-23,187,Profitable
H00020,C006,CT0073,2024-09-29,113,2025-01-20,T001,B003,8,904,568,1472,2.5,282.5,0.6966197730471768,395.68,678.1800000000001,793.8199999999999,53.93,2022-11-23,0,Profitable
H00450,C008,CT0073,2025-05-26,71,2025-08-05,T001,B003,8,568,422,990,2.5,177.5,0.7479300648153366,315.63,704.13,285.87,28.88,2022-11-23,211,Profitable
H00194,C010,CT0073,2025-08-06,9,2025-08-15,T001,B003,8,72,381,453,2.5,22.5,0.7129169796766065,271.62,294.12,158.88,35.07,2022-11-23,0,Profitable
H00446,C006,CT0073,2025-09-08,11,2025-09-19,T001,B003,8,88,337,425,2.5,27.5,0.6793098454285831,228.93,256.43,168.57,39.66,2022-11-23,0,Profitable
H00371,C003,CT0073,2025-11-16,115,2026-03-11,T001,B003,8,920,257,1177,2.5,287.5,0.7186519632290541,184.69,472.19,704.81,59.88,2022-11-23,0,Profitable
H00114,C007,CT0074,2024-01-20,52,2024-03-12,T002,B004,12,624,327,951,3.5,182.0,0.6743139825786721,220.5,402.5,548.5,57.68,2024-01-01,0,Profitable
H00282,C005,CT0074,2024-03-13,13,2024-03-26,T002,B004,12,156,496,652,3.5,45.5,0.7693154407065449,381.58,427.08,224.92000000000002,34.5,2024-01-01,0,Profitable
H00473,C002,CT0074,2025-01-09,91,2025-04-10,T002,B004,12,1092,552,1644,3.5,318.5,0.5825119456277847,321.55,640.05,1003.95,61.07,2024-01-01,0,Profitable
H00144,C005,CT0074,2025-04-11,81,2025-07-01,T002,B004,12,972,391,1363,3.5,283.5,0.7393704711973543,289.09,868.5899999999999,494.4100000000001,36.27,2024-01-01,296,Profitable
H00325,C002,CT0074,2025-07-02,53,2025-08-24,T002,B004,12,636,298,934,3.5,185.5,0.7959600782138595,237.2,422.7,511.3,54.74,2024-01-01,0,Profitable
H00359,C006,CT0074,2025-10-21,81,2026-01-10,T002,B004,12,972,570,1542,3.5,283.5,0.6936948885661038,395.41,973.9100000000001,568.0899999999999,36.84,2024-01-01,295,Profitable
H00197,C009,CT0074,2026-01-11,78,2026-03-30,T002,B004,12,936,352,1288,3.5,273.0,0.7548137762178653,265.69,538.69,749.31,58.18,2024-01-01,0,Profitable
H00023,C005,CT0075,2024-07-21,107,2024-11-05,T001,B002,8,856,405,1261,2.5,267.5,0.7456454849628346,301.99,569.49,691.51,54.84,2024-07-21,0,Profitable
H00380,C005,CT0075,2024-11-06,14,2024-11-20,T001,B002,8,112,293,405,2.5,35.0,0.5601396843861703,164.12,199.12,205.88,50.83,2024-07-21,0,Profitable
H00036,C001,CT0075,2025-01-31,26,2025-02-26,T001,B002,8,208,485,693,2.5,65.0,0.777347548002099,377.01,442.01,250.99,36.22,2024-07-21,0,Profitable
H00206,C006,CT0075,2025-06-07,11,2025-06-18,T001,B002,8,88,550,638,2.5,27.5,0.734917825181691,404.2,431.7,206.3,32.34,2024-07-21,0,Profitable
H00392,C001,CT0076,2024-09-07,50,2024-10-27,T002,B002,12,600,503,1103,3.5,175.0,0.7374626911091167,370.94,545.94,557.06,50.5,2019-09-16,0,Profitable
H00161,C010,CT0076,2024-11-13,7,2024-11-20,T002,B002,12,84,183,267,3.5,24.5,0.6409232811890351,117.29,365.79,-98.79000000000002,-37.0,2019-09-16,224,Loss
H00039,C010,CT0076,2025-05-07,8,2025-05-15,T002,B002,12,96,530,626,3.5,28.0,0.5643200627694058,299.09,665.0899999999999,-39.08999999999992,-6.24,2019-09-16,338,Loss
H00131,C004,CT0076,2025-09-08,70,2025-11-17,T002,B002,12,840,554,1394,3.5,245.0,0.6359157981522758,352.3,665.3,728.7,52.27,2019-09-16,68,Profitable
H00003,C001,CT0077,2024-03-26,80,2024-06-14,T004,B005,30,2400,440,2840,9.0,720.0,0.7334039575105782,322.7,1042.7,1797.3,63.29,2020-10-13,0,Profitable
H00083,C007,CT0078,2024-03-01,14,2024-03-15,T004,B001,30,420,402,822,9.0,126.0,0.7918390444470689,318.32,444.32,377.68,45.95,2020-05-30,0,Profitable
H00266,C002,CT0078,2024-04-08,114,2024-07-31,T004,B001,30,3420,441,3861,9.0,1026.0,0.7087722764774298,312.57,1338.57,2522.4300000000003,65.33,2020-05-30,0,Profitable
H00172,C005,CT0078,2024-08-01,27,2024-08-28,T004,B001,30,810,571,1381,9.0,243.0,0.6713397457899718,383.33,626.3299999999999,754.6700000000001,54.65,2020-05-30,0,Profitable
H00035,C005,CT0078,2024-12-14,67,2025-02-19,T004,B001,30,2010,259,2269,9.0,603.0,0.7759783325650937,200.98,803.98,1465.02,64.57,2020-05-30,0,Profitable
H00311,C003,CT0078,2025-02-20,25,2025-03-17,T004,B001,30,750,584,1334,9.0,225.0,0.5912061688366905,345.26,570.26,763.74,57.25,2020-05-30,0,Profitable
H00059,C008,CT0078,2025-03-18,120,2025-07-16,T004,B001,30,3600,290,3890,9.0,1080.0,0.5616251466100164,162.87,1242.87,2647.13,68.05,2020-05-30,0,Profitable
H00487,C005,CT0080,2024-03-06,12,2024-03-18,T004,B004,30,360,341,701,9.0,108.0,0.7950272481034417,271.1,379.1,321.9,45.92,2021-08-20,0,Profitable
H00479,C008,CT0080,2025-09-14,73,2025-11-26,T004,B004,30,2190,301,2491,9.0,657.0,0.7987144932648305,240.41,897.41,1593.5900000000001,63.97,2021-08-20,0,Profitable
H00358,C007,CT0081,2024-04-20,119,2024-08-17,T003,B004,22,2618,320,2938,7.0,833.0,0.7699656693402901,246.39,1079.3899999999999,1858.6100000000001,63.26,2024-04-20,0,Profitable
H00365,C009,CT0081,2024-08-18,74,2024-10-31,T003,B004,22,1628,267,1895,7.0,518.0,0.5913009848344626,157.88,675.88,1219.12,64.33,2024-04-20,0,Profitable
H00485,C010,CT0081,2024-11-01,88,2025-01-28,T003,B004,22,1936,564,2500,7.0,616.0,0.7926855384193121,447.07,1429.07,1070.93,42.84,2024-04-20,366,Profitable
H00235,C010,CT0081,2025-04-28,27,2025-05-25,T003,B004,22,594,377,971,7.0,189.0,0.6081907867753222,229.29,418.28999999999996,552.71,56.92,2024-04-20,0,Profitable
H00443,C010,CT0081,2025-07-15,29,2025-08-13,T003,B004,22,638,187,825,7.0,203.0,0.7404767050331039,138.47,341.47,483.53,58.61,2024-04-20,0,Profitable
H00364,C008,CT0081,2025-08-14,25,2025-09-08,T003,B004,22,550,340,890,7.0,175.0,0.7823566736182785,266.0,441.0,449.0,50.45,2024-04-20,0,Profitable
H00210,C005,CT0082,2024-02-15,85,2024-05-10,T004,B004,30,2550,322,2872,9.0,765.0,0.6943124326921533,223.57,988.5699999999999,1883.43,65.58,2019-03-29,0,Profitable
H00335,C001,CT0082,2024-12-03,43,2025-01-15,T004,B004,30,1290,385,1675,9.0,387.0,0.6626163254144546,255.11,708.11,966.89,57.72,2019-03-29,66,Profitable
H00491,C004,CT0082,2025-03-24,21,2025-04-14,T004,B004,30,630,377,1007,9.0,189.0,0.6117268566668964,230.62,419.62,587.38,58.33,2019-03-29,0,Profitable
H00323,C007,CT0082,2025-06-04,120,2025-10-02,T004,B004,30,3600,580,4180,9.0,1080.0,0.61789219118776,358.38,1438.38,2741.62,65.59,2019-03-29,0,Profitable
H00156,C003,CT0082,2025-10-03,111,2026-01-22,T004,B004,30,3330,405,3735,9.0,999.0,0.7742965852411547,313.59,1312.59,2422.41,64.86,2019-03-29,0,Profitable
H00058,C001,CT0083,2024-09-28,59,2024-11-26,T001,B004,8,472,241,713,2.5,147.5,0.7632724058509126,183.95,331.45,381.55,53.51,2021-03-29,0,Profitable
H00283,C005,CT0083,2024-11-27,60,2025-01-26,T001,B004,8,480,407,887,2.5,150.0,0.6326020009689435,257.47,407.47,479.53,54.06,2021-03-29,0,Profitable
H00252,C002,CT0083,2025-01-27,112,2025-05-19,T001,B004,8,896,260,1156,2.5,280.0,0.6553610103948119,170.39,450.39,705.61,61.04,2021-03-29,0,Profitable
H00481,C003,CT0083,2025-05-20,68,2025-07-27,T001,B004,8,544,225,769,2.5,170.0,0.5720504259474677,128.71,298.71000000000004,470.28999999999996,61.16,2021-03-29,0,Profitable
H00441,C001,CT0083,2025-07-28,36,2025-09-02,T001,B004,8,288,554,842,2.5,90.0,0.7114351275239031,394.14,484.14,357.86,42.5,2021-03-29,0,Profitable
H00236,C004,CT0084,2024-08-29,19,2024-09-17,T004,B004,30,570,288,858,9.0,171.0,0.7518490075849878,216.53,539.53,318.47,37.12,2023-08-19,152,Profitable
H00017,C010,CT0084,2025-03-18,70,2025-05-27,T004,B004,30,2100,215,2315,9.0,630.0,0.5913235277425437,127.13,757.13,1557.87,67.29,2023-08-19,0,Profitable
H00232,C008,CT0085,2024-02-06,57,2024-04-03,T003,B003,22,1254,463,1717,7.0,399.0,0.6520765856898628,301.91,700.9100000000001,1016.0899999999999,59.18,2022-08-10,0,Profitable
H00318,C007,CT0085,2024-06-01,25,2024-06-26,T003,B003,22,550,371,921,7.0,175.0,0.5829233596180097,216.26,391.26,529.74,57.52,2022-08-10,0,Profitable
H00410,C003,CT0085,2024-10-27,108,2025-02-12,T003,B003,22,2376,203,2579,7.0,756.0,0.6831231748592868,138.67,894.67,1684.33,65.31,2022-08-10,0,Profitable
H00055,C010,CT0085,2025-02-13,18,2025-03-03,T003,B003,22,396,437,833,7.0,126.0,0.7611973590715054,332.64,458.64,374.36,44.94,2022-08-10,0,Profitable
H00383,C002,CT0085,2025-03-04,47,2025-04-20,T003,B003,22,1034,513,1547,7.0,329.0,0.7163230254945139,367.47,696.47,850.53,54.98,2022-08-10,0,Profitable
H00395,C001,CT0085,2025-04-21,27,2025-05-18,T003,B003,22,594,533,1127,7.0,189.0,0.7116125225311518,379.29,568.29,558.71,49.57,2022-08-10,0,Profitable
H00329,C002,CT0085,2025-08-06,104,2025-11-18,T003,B003,22,2288,541,2829,7.0,728.0,0.5507302581553406,297.95,1025.95,1803.05,63.73,2022-08-10,0,Profitable
H00110,C003,CT0086,2025-11-03,82,2026-01-24,T003,B002,22,1804,569,2373,7.0,574.0,0.5779839817553827,328.87,902.87,1470.13,61.95,2025-11-03,0,Profitable
H00175,C008,CT0086,2026-01-25,99,2026-05-04,T003,B002,22,2178,191,2369,7.0,693.0,0.6307527995965535,120.47,813.47,1555.53,65.66,2025-11-03,0,Profitable
H00239,C010,CT0086,2026-05-05,40,2026-06-14,T003,B002,22,880,360,1240,7.0,280.0,0.7126921368896869,256.57,536.5699999999999,703.4300000000001,56.73,2025-11-03,0,Profitable
H00356,C009,CT0086,2026-06-15,45,2026-07-30,T003,B002,22,990,193,1183,7.0,315.0,0.7545516671870619,145.63,460.63,722.37,61.06,2025-11-03,0,Profitable
H00394,C004,CT0086,2026-07-31,38,2026-09-07,T003,B002,22,836,554,1390,7.0,266.0,0.7115240437512658,394.18,991.1800000000001,398.81999999999994,28.69,2025-11-03,331,Profitable
H00362,C008,CT0087,2024-03-05,66,2024-05-10,T002,B004,12,792,333,1125,3.5,231.0,0.5612133920058922,186.88,417.88,707.12,62.86,2024-03-05,0,Profitable
H00486,C003,CT0087,2024-05-11,61,2024-07-11,T002,B004,12,732,505,1237,3.5,213.5,0.743384722883641,375.41,588.9100000000001,648.0899999999999,52.39,2024-03-05,0,Profitable
H00184,C006,CT0087,2024-07-12,96,2024-10-16,T002,B004,12,1152,278,1430,3.5,336.0,0.6024382369209204,167.48,503.48,926.52,64.79,2024-03-05,0,Profitable
H00249,C004,CT0087,2024-10-17,41,2024-11-27,T002,B004,12,492,469,961,3.5,143.5,0.7505885822898161,352.03,495.53,465.47,48.44,2024-03-05,0,Profitable
H00393,C010,CT0087,2025-01-17,33,2025-02-19,T002,B004,12,396,159,555,3.5,115.5,0.6531688315208493,103.85,219.35,335.65,60.48,2024-03-05,0,Profitable
H00344,C008,CT0087,2025-02-28,84,2025-05-23,T002,B004,12,1008,497,1505,3.5,294.0,0.5623742133734166,279.5,742.5,762.5,50.66,2024-03-05,169,Profitable
H00286,C005,CT0087,2025-05-24,51,2025-07-14,T002,B004,12,612,330,942,3.5,178.5,0.7065440428982845,233.16,411.65999999999997,530.34,56.3,2024-03-05,0,Profitable
H00298,C003,CT0087,2025-07-15,16,2025-07-31,T002,B004,12,192,573,765,3.5,56.0,0.7343914372732068,420.81,846.81,-81.80999999999995,-10.69,2024-03-05,370,Loss
H00378,C006,CT0087,2025-09-26,9,2025-10-05,T002,B004,12,108,511,619,3.5,31.5,0.7293930311828987,372.72,404.22,214.77999999999997,34.7,2024-03-05,0,Profitable
H00480,C006,CT0088,2024-01-14,58,2024-03-12,T001,B001,8,464,258,722,2.5,145.0,0.6863452803045756,177.08,322.08000000000004,399.91999999999996,55.39,2021-02-28,0,Profitable
H00310,C006,CT0088,2024-07-17,30,2024-08-16,T001,B001,8,240,437,677,2.5,75.0,0.6352039249474617,277.58,352.58,324.42,47.92,2021-02-28,0,Profitable
H00297,C001,CT0088,2024-08-17,21,2024-09-07,T001,B001,8,168,422,590,2.5,52.5,0.6720936572457348,283.62,336.12,253.88,43.03,2021-02-28,0,Profitable
H00121,C009,CT0088,2024-09-08,20,2024-09-28,T001,B001,8,160,304,464,2.5,50.0,0.5815634456981534,176.8,226.8,237.2,51.12,2021-02-28,0,Profitable
H00224,C006,CT0088,2025-03-30,29,2025-04-28,T001,B001,8,232,584,816,2.5,72.5,0.5681677179025041,331.81,404.31,411.69,50.45,2021-02-28,0,Profitable
H00157,C007,CT0089,2024-04-23,29,2024-05-22,T004,B001,30,870,332,1202,9.0,261.0,0.5922135516694216,196.61,712.61,489.39,40.71,2019-02-08,255,Profitable
H00454,C001,CT0089,2024-10-21,76,2025-01-05,T004,B001,30,2280,370,2650,9.0,684.0,0.6827713362213108,252.63,936.63,1713.37,64.66,2019-02-08,0,Profitable
H00063,C007,CT0089,2025-01-06,95,2025-04-11,T004,B001,30,2850,295,3145,9.0,855.0,0.6287973802743398,185.5,1040.5,2104.5,66.92,2019-02-08,0,Profitable
H00065,C001,CT0089,2025-04-12,35,2025-05-17,T004,B001,30,1050,596,1646,9.0,315.0,0.5716061526906366,340.68,655.6800000000001,990.3199999999999,60.17,2019-02-08,0,Profitable
H00492,C003,CT0089,2025-05-18,92,2025-08-18,T004,B001,30,2760,499,3259,9.0,828.0,0.7596373037257071,379.06,1207.06,2051.94,62.96,2019-02-08,0,Profitable
H00153,C007,CT0090,2024-02-06,104,2024-05-20,T002,B001,12,1248,340,1588,3.5,364.0,0.5915085783540489,201.11,565.11,1022.89,64.41,2024-01-09,0,Profitable
H00150,C005,CT0090,2024-06-24,108,2024-10-10,T002,B001,12,1296,313,1609,3.5,378.0,0.6800476308128887,212.85,590.85,1018.15,63.28,2024-01-09,0,Profitable
H00181,C009,CT0090,2025-07-10,41,2025-08-20,T002,B001,12,492,269,761,3.5,143.5,0.5732576216150068,154.21,403.71000000000004,357.28999999999996,46.95,2024-01-09,106,Profitable
H00205,C001,CT0090,2025-08-21,18,2025-09-08,T002,B001,12,216,228,444,3.5,63.0,0.7763399685694676,177.01,240.01,203.99,45.94,2024-01-09,0,Profitable
H00400,C008,CT0091,2024-01-22,73,2024-04-04,T004,B001,30,2190,215,2405,9.0,657.0,0.5789344016696764,124.47,781.47,1623.53,67.51,2023-10-03,0,Profitable
H00213,C005,CT0091,2024-08-20,21,2024-09-10,T004,B001,30,630,577,1207,9.0,189.0,0.7609343316016811,439.06,628.06,578.94,47.97,2023-10-03,0,Profitable
H00211,C006,CT0091,2025-10-28,50,2025-12-17,T004,B001,30,1500,218,1718,9.0,450.0,0.7345172808346293,160.12,610.12,1107.88,64.49,2023-10-03,0,Profitable
H00269,C010,CT0092,2024-02-08,19,2024-02-27,T004,B003,30,570,227,797,9.0,171.0,0.580061806627919,131.67,575.67,221.33000000000004,27.77,2022-08-24,273,Profitable
H00167,C009,CT0092,2024-02-28,21,2024-03-20,T004,B003,30,630,376,1006,9.0,189.0,0.7642184840187736,287.35,476.35,529.65,52.65,2022-08-24,0,Profitable
H00411,C007,CT0092,2024-08-30,87,2024-11-25,T004,B003,30,2610,161,2771,9.0,783.0,0.6622132679186771,106.62,889.62,1881.38,67.9,2022-08-24,0,Profitable
H00288,C005,CT0092,2025-05-21,53,2025-07-13,T004,B003,30,1590,500,2090,9.0,477.0,0.7595380458879811,379.77,911.77,1178.23,56.37,2022-08-24,55,Profitable
H00305,C007,CT0092,2025-07-14,32,2025-08-15,T004,B003,30,960,263,1223,9.0,288.0,0.7236126140326773,190.31,731.31,491.69000000000005,40.2,2022-08-24,253,Profitable
H00240,C002,CT0092,2025-08-16,84,2025-11-08,T004,B003,30,2520,540,3060,9.0,756.0,0.768556681034588,415.02,1171.02,1888.98,61.73,2022-08-24,0,Profitable
H00048,C010,CT0093,2024-05-20,107,2024-09-04,T002,B001,12,1284,554,1838,3.5,374.5,0.5590719056533756,309.73,684.23,1153.77,62.77,2019-09-20,0,Profitable
H00292,C010,CT0093,2024-09-05,92,2024-12-06,T002,B001,12,1104,529,1633,3.5,322.0,0.7472902116471829,395.32,717.3199999999999,915.6800000000001,56.07,2019-09-20,0,Profitable
H00259,C002,CT0093,2025-04-03,10,2025-04-13,T002,B001,12,120,509,629,3.5,35.0,0.724828843781551,368.94,403.94,225.06,35.78,2019-09-20,0,Profitable
H00464,C009,CT0094,2024-01-21,104,2024-05-04,T002,B004,12,1248,403,1651,3.5,364.0,0.5839472617659843,235.33,599.33,1051.67,63.7,2019-08-10,0,Profitable
H00028,C007,CT0094,2024-06-19,50,2024-08-08,T002,B004,12,600,402,1002,3.5,175.0,0.6654332034030956,267.5,442.5,559.5,55.84,2019-08-10,0,Profitable
H00099,C004,CT0094,2024-08-30,49,2024-10-18,T002,B004,12,588,409,997,3.5,171.5,0.76172968202214,311.55,483.05,513.95,51.55,2019-08-10,0,Profitable
H00270,C009,CT0094,2024-10-19,37,2024-11-25,T002,B004,12,444,254,698,3.5,129.5,0.5670852338830652,144.04,273.53999999999996,424.46000000000004,60.81,2019-08-10,0,Profitable
H00350,C005,CT0094,2025-02-04,41,2025-03-17,T002,B004,12,492,585,1077,3.5,143.5,0.6046274585885326,353.71,497.21,579.79,53.83,2019-08-10,0,Profitable
H00248,C005,CT0094,2025-11-17,34,2025-12-21,T002,B004,12,408,157,565,3.5,119.0,0.6531902823165066,102.55,221.55,343.45,60.79,2019-08-10,0,Profitable
H00483,C002,CT0095,2024-03-24,32,2024-04-25,T002,B005,12,384,463,847,3.5,112.0,0.5878960732174701,272.2,755.2,91.79999999999995,10.84,2022-07-07,371,Profitable
H00029,C003,CT0095,2024-07-01,62,2024-09-01,T002,B005,12,744,459,1203,3.5,217.0,0.6702265001882675,307.63,524.63,678.37,56.39,2022-07-07,0,Profitable
H00320,C005,CT0095,2025-03-30,80,2025-06-18,T002,B005,12,960,188,1148,3.5,280.0,0.7466875837886093,140.38,420.38,727.62,63.38,2022-07-07,0,Profitable
H00135,C007,CT0095,2025-10-10,39,2025-11-18,T002,B005,12,468,298,766,3.5,136.5,0.6429831669792163,191.61,328.11,437.89,57.17,2022-07-07,0,Profitable
H00363,C004,CT0096,2024-08-12,52,2024-10-03,T002,B001,12,624,152,776,3.5,182.0,0.6626492547457835,100.72,282.72,493.28,63.57,2021-12-14,0,Profitable
H00246,C009,CT0096,2024-11-01,35,2024-12-06,T002,B001,12,420,499,919,3.5,122.5,0.6454029849668,322.06,444.56,474.44,51.63,2021-12-14,0,Profitable
H00309,C006,CT0096,2025-07-15,56,2025-09-09,T002,B001,12,672,321,993,3.5,196.0,0.5843809437042539,187.59,383.59000000000003,609.41,61.37,2021-12-14,0,Profitable
H00158,C002,CT0097,2024-02-09,89,2024-05-08,T002,B003,12,1068,266,1334,3.5,311.5,0.6767627759663604,180.02,774.52,559.48,41.94,2021-12-16,283,Profitable
H00081,C002,CT0097,2024-05-19,56,2024-07-14,T002,B003,12,672,416,1088,3.5,196.0,0.6271746858432988,260.9,456.9,631.1,58.01,2021-12-16,0,Profitable
H00074,C003,CT0097,2024-07-15,50,2024-09-03,T002,B003,12,600,436,1036,3.5,175.0,0.706106361617932,307.86,482.86,553.14,53.39,2021-12-16,0,Profitable
H00105,C005,CT0097,2024-09-04,32,2024-10-06,T002,B003,12,384,508,892,3.5,112.0,0.7654967271010681,388.87,500.87,391.13,43.85,2021-12-16,0,Profitable
H00304,C008,CT0097,2024-11-04,55,2024-12-29,T002,B003,12,660,273,933,3.5,192.5,0.5562854895693182,151.87,396.37,536.63,57.52,2021-12-16,52,Profitable
H00115,C008,CT0097,2025-07-26,74,2025-10-08,T002,B003,12,888,212,1100,3.5,259.0,0.6349443678904714,134.61,393.61,706.39,64.22,2021-12-16,0,Profitable
H00078,C010,CT0097,2025-10-09,51,2025-11-29,T002,B003,12,612,494,1106,3.5,178.5,0.7312889318877788,361.26,539.76,566.24,51.2,2021-12-16,0,Profitable
H00285,C003,CT0097,2025-11-30,50,2026-01-19,T002,B003,12,600,418,1018,3.5,175.0,0.7972570895875435,333.25,508.25,509.75,50.07,2021-12-16,0,Profitable
H00352,C006,CT0098,2024-02-15,91,2024-05-16,T004,B003,30,2730,199,2929,9.0,819.0,0.5610969430427136,111.66,930.66,1998.3400000000001,68.23,2018-04-14,0,Profitable
H00432,C010,CT0098,2024-07-25,22,2024-08-16,T004,B003,30,660,169,829,9.0,198.0,0.5747184044101589,97.13,295.13,533.87,64.4,2018-04-14,0,Profitable
H00377,C005,CT0098,2024-11-12,42,2024-12-24,T004,B003,30,1260,285,1545,9.0,378.0,0.5505259607939709,156.9,534.9,1010.1,65.38,2018-04-14,0,Profitable
H00402,C010,CT0098,2025-05-29,64,2025-08-01,T004,B003,30,1920,261,2181,9.0,576.0,0.5929621203317736,154.76,730.76,1450.24,66.49,2018-04-14,0,Profitable
H00465,C007,CT0098,2025-08-02,20,2025-08-22,T004,B003,30,600,173,773,9.0,180.0,0.5748255506884232,99.44,279.44,493.56,63.85,2018-04-14,0,Profitable
H00445,C005,CT0098,2025-08-30,110,2025-12-18,T004,B003,30,3300,409,3709,9.0,990.0,0.6349422067877795,259.69,1629.69,2079.31,56.06,2018-04-14,380,Profitable
H00442,C003,CT0099,2024-05-31,115,2024-09-23,T002,B001,12,1380,351,1731,3.5,402.5,0.5611946126261671,196.98,599.48,1131.52,65.37,2018-09-11,0,Profitable
H00040,C010,CT0099,2025-03-01,79,2025-05-19,T002,B001,12,948,585,1533,3.5,276.5,0.6063059255671225,354.69,631.19,901.81,58.83,2018-09-11,0,Profitable
H00430,C009,CT0099,2025-05-20,36,2025-06-25,T002,B001,12,432,530,962,3.5,126.0,0.6948165884551317,368.25,494.25,467.75,48.62,2018-09-11,0,Profitable
H00355,C003,CT0099,2025-08-14,48,2025-10-01,T002,B001,12,576,237,813,3.5,168.0,0.6211405754407244,147.21,711.21,101.78999999999996,12.52,2018-09-11,396,Profitable
H00120,C007,CT0100,2025-01-01,86,2025-03-28,T001,B005,8,688,156,844,2.5,215.0,0.554486419642123,86.5,301.5,542.5,64.28,2025-01-01,0,Profitable
H00162,C001,CT0100,2025-03-29,94,2025-07-01,T001,B005,8,752,201,953,2.5,235.0,0.7331588086752082,147.36,382.36,570.64,59.88,2025-01-01,0,Profitable
H00385,C010,CT0100,2025-07-02,74,2025-09-14,T001,B005,8,592,152,744,2.5,185.0,0.7156661282648389,108.78,598.78,145.22000000000003,19.52,2025-01-01,305,Profitable
H00002,C003,CT0100,2025-09-15,86,2025-12-10,T001,B005,8,688,578,1266,2.5,215.0,0.7416471309929109,428.67,741.6700000000001,524.3299999999999,41.42,2025-01-01,98,Profitable
